ID,Year_Birth,Education,Marital_Status,Income,Total_Children,Dt_Customer,Recency,NumDealsPurchases,NumWebPurchases,NumCatalogPurchases,NumStorePurchases,NumWebVisitsMonth,TotalSpent
5524,1957,Graduation,Single,58138,0,2012-09-04,58,3,8,10,4,7,1617
2174,1954,Graduation,Single,46344,2,2014-03-08,38,2,1,1,2,5,27
4141,1965,Graduation,Together,71613,0,2013-08-21,26,1,8,2,10,4,776
6182,1984,Graduation,Together,26646,1,2014-02-10,26,2,2,0,4,6,53
5324,1981,PhD,Married,58293,1,2014-01-19,94,5,5,3,6,5,422
7446,1967,Master,Together,62513,1,2013-09-09,16,2,6,4,10,6,716
965,1971,Graduation,Divorced,55635,1,2012-11-13,34,4,7,3,7,6,590
6177,1985,PhD,Married,33454,1,2013-05-08,32,2,4,0,4,8,169
4855,1974,PhD,Together,30351,1,2013-06-06,19,1,3,0,2,9,46
5899,1950,PhD,Together,5648,2,2014-03-13,68,1,1,0,0,20,49
1994,1983,Graduation,Married,51381,1,2013-11-15,11,1,1,0,2,7,19
387,1976,Basic,Married,7500,0,2012-11-13,59,1,2,0,3,8,61
2125,1959,Graduation,Divorced,63033,0,2013-11-15,82,1,3,4,8,2,1102
8180,1952,Master,Divorced,59354,2,2013-11-15,53,3,6,1,5,6,310
2569,1987,Graduation,Married,17323,0,2012-10-10,38,1,1,0,3,8,46
2114,1946,PhD,Single,82800,0,2012-11-24,23,1,7,6,12,3,1315
9736,1980,Graduation,Married,41850,2,2012-12-24,51,3,3,0,3,8,96
4939,1946,Graduation,Together,37760,0,2012-08-31,20,2,4,1,6,7,317
6565,1949,Master,Married,76995,1,2013-03-28,91,2,11,4,9,5,1782
2278,1985,2n Cycle,Single,33812,1,2012-11-03,86,2,2,1,3,6,133
9360,1982,Graduation,Married,37040,0,2012-08-08,41,1,4,2,5,8,316
5376,1979,Graduation,Married,2447,1,2013-01-06,42,15,0,28,0,1,1730
1993,1949,PhD,Married,58607,1,2012-12-23,63,3,2,3,9,8,972
4047,1954,PhD,Married,65324,1,2014-01-11,0,3,6,2,9,4,544
1409,1951,Graduation,Together,40689,1,2013-03-18,69,7,7,1,5,8,444
7892,1969,Graduation,Single,18589,0,2013-01-02,89,2,2,1,3,7,75
2404,1976,Graduation,Married,53359,2,2013-05-27,4,4,5,1,4,7,257
5255,1986,Graduation,Single,51381,1,2013-02-20,19,0,27,0,0,1,637
9422,1989,Graduation,Married,38360,1,2013-05-31,26,2,2,1,4,3,131
1966,1965,PhD,Married,84618,0,2013-11-22,96,1,6,9,10,2,1672
6864,1989,Master,Divorced,10979,0,2014-05-22,34,2,3,0,3,5,30
3033,1963,Master,Together,38620,0,2013-05-11,56,1,2,5,3,3,318
5710,1970,Graduation,Together,40548,1,2012-10-10,31,2,2,1,4,5,120
7373,1952,PhD,Divorced,46610,2,2012-10-29,8,6,4,1,6,6,302
8755,1946,Master,Married,68657,0,2013-02-20,4,1,3,5,9,7,1196
10738,1951,Master,Single,49389,2,2013-08-29,55,1,2,0,3,7,65
4339,1970,PhD,Married,67353,1,2013-12-31,37,5,5,6,12,2,913
10755,1976,2n Cycle,Married,23718,1,2013-09-02,76,3,3,1,2,7,81
8595,1973,Graduation,Widow,42429,1,2014-02-11,99,2,1,1,3,5,67
2968,1943,PhD,Divorced,48948,0,2013-02-01,53,2,7,10,5,6,902
8601,1980,Graduation,Married,80011,1,2013-04-29,3,2,8,6,5,4,1395
503,1985,Master,Married,20559,1,2013-03-12,88,2,2,0,3,8,53
8430,1957,Graduation,Together,21994,1,2012-12-24,4,1,0,0,3,5,22
7281,1959,PhD,Single,51381,0,2013-11-05,80,1,1,3,4,2,186
2139,1975,Master,Married,7500,1,2013-10-02,19,3,2,0,3,5,31
1371,1976,Graduation,Single,79941,0,2014-06-28,72,1,2,4,9,1,984
9909,1996,2n Cycle,Married,7500,0,2012-11-09,24,3,3,1,3,9,122
7286,1968,Graduation,Together,41728,1,2013-05-24,92,1,2,0,2,10,55
7244,1951,Graduation,Single,51381,3,2014-01-01,96,3,2,1,4,6,124
6566,1954,PhD,Married,72550,2,2012-11-08,39,9,5,2,12,8,1319
8614,1957,Graduation,Widow,65486,1,2014-05-12,29,1,4,2,10,2,507
4114,1964,Master,Married,79143,0,2012-08-11,2,1,6,9,13,3,1693
1331,1977,Graduation,Single,35790,1,2013-01-02,54,2,2,0,3,7,72
2225,1977,Graduation,Divorced,82582,0,2014-06-07,54,1,4,9,7,1,1617
9381,1978,Graduation,Married,66373,2,2013-06-12,57,7,4,2,10,3,606
6260,1955,Master,Together,82384,0,2012-11-19,55,1,3,10,13,1,1957
10383,1966,Graduation,Divorced,70287,0,2013-04-02,30,1,5,5,10,3,1093
7437,1988,Graduation,Single,27938,1,2014-04-28,31,1,1,0,4,3,29
8557,1982,Graduation,Single,51381,1,2013-06-17,57,2,2,0,3,6,46
8375,1968,PhD,Married,55954,1,2014-03-03,63,3,8,2,6,7,518
6853,1982,Master,Single,75777,0,2013-07-04,12,1,3,6,11,1,1438
3076,1975,Graduation,Together,66653,2,2012-09-07,18,4,4,2,12,3,612
1012,1952,Graduation,Single,61823,1,2013-02-18,26,4,8,2,10,7,884
6518,1951,PhD,Widow,67680,1,2013-06-11,8,1,7,3,8,5,606
4137,1948,Graduation,Together,70666,0,2013-12-06,29,1,7,4,4,4,1076
8082,1971,Graduation,Married,25721,1,2013-05-21,75,1,1,1,2,7,34
1386,1967,Graduation,Together,32474,2,2014-05-11,0,1,1,0,2,7,11
9369,1979,2n Cycle,Single,88194,1,2014-03-19,19,1,11,10,10,5,1274
4477,1958,Graduation,Together,69096,1,2013-09-27,4,1,5,2,10,4,653
1357,1970,Graduation,Together,74854,3,2013-04-08,90,7,2,5,5,5,1562
1402,1954,Master,Married,66991,0,2012-09-11,1,3,4,8,6,3,1253
10629,1973,2n Cycle,Married,51381,1,2012-09-14,25,3,3,0,3,8,109
6312,1959,Graduation,Married,65031,1,2013-03-17,29,4,10,3,13,7,863
8132,1975,PhD,Married,60631,2,2013-04-05,88,5,9,2,8,7,661
1050,1952,Graduation,Married,28332,0,2014-04-30,58,1,2,1,4,2,65
5846,1977,Graduation,Divorced,40246,1,2012-12-19,68,1,1,0,2,6,13
1859,1972,Master,Married,75251,0,2012-08-27,34,1,7,6,5,5,1890
7503,1976,Graduation,Single,75825,0,2012-10-12,40,0,5,8,9,4,2209
10401,1976,2n Cycle,Together,26326,0,2013-09-04,12,1,0,0,3,3,18
1618,1965,Graduation,Together,56046,0,2013-01-02,9,2,10,1,8,8,692
3332,1985,Graduation,Single,29760,1,2012-08-29,87,4,3,1,4,8,165
2261,1969,Graduation,Married,26304,1,2013-06-23,5,1,1,0,2,7,16
5346,1973,2n Cycle,Married,23559,1,2013-07-03,87,3,3,0,3,7,79
4119,1963,Master,Together,38620,0,2013-05-11,56,1,2,5,3,3,318
535,1987,Graduation,Divorced,81361,0,2014-02-25,18,1,3,10,13,1,778
5268,1960,Graduation,Married,29440,2,2013-08-11,95,2,1,0,4,7,56
273,1970,Master,Married,36138,2,2013-07-16,48,5,3,1,4,7,151
4452,1957,Graduation,Single,50388,1,2014-05-28,3,4,6,1,6,7,372
8504,1973,Graduation,Married,79593,0,2014-05-12,70,1,5,6,7,2,1366
771,1967,Graduation,Together,54178,1,2014-01-21,79,1,2,2,5,2,194
8996,1957,PhD,Married,51381,3,2012-11-19,4,12,7,2,8,9,603
9235,1957,Graduation,Single,51381,2,2014-05-27,45,1,1,0,2,7,18
5798,1973,Master,Together,51381,0,2013-11-23,87,1,2,4,8,1,985
11178,1972,Master,Single,42394,1,2014-03-23,69,1,1,0,3,7,32
2230,1970,PhD,Married,23626,1,2014-05-24,84,3,3,1,3,5,43
7516,1983,Graduation,Married,30096,1,2014-05-22,30,1,2,0,3,6,45
7247,1960,Graduation,Widow,47916,1,2012-11-22,72,5,7,4,6,6,606
11100,1972,Graduation,Divorced,51813,2,2013-04-11,37,2,2,0,3,7,63
4646,1951,2n Cycle,Married,78497,0,2013-12-01,44,1,5,7,12,2,978
3037,1983,PhD,Married,50150,0,2013-06-20,32,2,5,2,7,5,410
1473,1960,2n Cycle,Single,47823,1,2013-07-23,0,2,2,0,3,8,72
1016,1959,PhD,Single,34554,1,2014-03-30,43,2,2,0,3,6,55
4518,1979,Graduation,Together,85693,1,2013-04-20,59,2,9,5,11,5,1169
9370,1945,PhD,Married,65846,0,2013-05-17,68,1,6,3,6,4,1120
8908,1959,Graduation,Married,87195,0,2014-05-08,35,1,3,11,5,1,1097
8373,1979,Basic,Together,24594,1,2013-12-10,94,1,1,0,3,5,29
7533,1964,Graduation,Married,49096,2,2013-09-24,15,4,4,1,4,7,187
2683,1969,Graduation,Married,52413,2,2013-02-02,56,4,6,4,12,6,910
3629,1978,Graduation,Single,38557,1,2012-12-19,17,2,3,1,3,7,145
10991,1960,Master,Married,89058,0,2012-12-07,18,1,5,4,4,2,850
5077,1979,Graduation,Together,77298,1,2013-11-02,46,1,6,6,11,3,969
7431,1991,PhD,Single,68126,0,2012-11-10,40,1,7,4,5,9,1820
3267,1963,Master,Together,57288,1,2014-06-25,27,3,8,1,8,6,608
999,1991,Graduation,Single,86037,0,2013-01-02,95,1,6,7,11,3,730
9215,1980,PhD,Married,43974,1,2012-12-12,19,5,6,4,6,7,551
2286,1962,Graduation,Single,50785,2,2013-09-10,27,2,2,1,3,6,114
1592,1970,Graduation,Married,90765,0,2014-01-24,25,0,4,6,5,1,1724
367,1978,2n Cycle,Married,36550,1,2013-02-19,74,5,9,1,5,9,577
5234,1967,2n Cycle,Together,30753,2,2013-07-11,85,2,1,1,3,5,81
9862,1969,Graduation,Together,21918,1,2013-11-14,37,2,2,0,3,6,33
9805,1953,Master,Together,56129,1,2013-06-20,65,4,6,2,10,4,660
6205,1967,Master,Single,32557,1,2014-02-24,13,3,2,1,3,5,80
8442,1985,Master,Married,19510,2,2013-09-04,63,2,1,0,3,7,30
7386,1976,Graduation,Divorced,30992,1,2013-04-22,83,1,1,0,3,7,43
7215,1983,Graduation,Single,101970,0,2013-03-12,69,0,6,8,13,2,1135
1491,1965,2n Cycle,Together,71488,0,2013-02-18,87,2,3,4,7,1,559
11071,1984,Graduation,Single,79607,0,2013-04-21,37,1,3,6,6,1,1923
3381,1953,Master,Married,54348,2,2014-06-08,51,2,2,0,4,6,90
8268,1961,PhD,Married,51381,1,2013-07-11,23,3,6,1,7,6,404
11051,1956,PhD,Together,77376,2,2014-05-10,72,4,6,3,10,4,661
8026,1952,Graduation,Married,62998,1,2013-09-30,10,5,5,4,5,5,463
433,1958,Master,Alone,61331,2,2013-03-10,42,5,11,1,6,8,632
9597,1969,Graduation,Married,73448,0,2014-02-10,10,1,7,2,9,4,725
1295,1963,Graduation,Married,51381,1,2013-08-11,96,1,6,5,7,4,725
5290,1964,PhD,Married,41551,2,2013-08-14,51,5,5,1,5,8,279
1685,1967,PhD,Together,62981,0,2013-03-17,21,1,4,5,13,3,1482
5342,1976,Basic,Divorced,9548,1,2012-08-08,31,2,1,0,3,8,29
9579,1959,PhD,Married,33762,3,2013-07-07,61,3,2,2,2,8,106
7660,1973,PhD,Alone,35860,2,2014-05-19,37,2,1,1,2,5,49
1461,1965,PhD,Divorced,36921,2,2013-07-28,74,2,2,0,3,7,38
821,1992,Master,Single,92859,0,2012-10-19,46,1,5,4,12,2,2077
11084,1976,Master,Together,65104,1,2013-11-14,4,2,3,5,7,7,1053
8690,1962,Graduation,Married,86111,0,2013-04-19,73,1,5,7,10,2,1385
2937,1974,PhD,Single,68352,1,2013-08-28,47,3,8,5,9,6,871
9701,1988,Graduation,Together,41883,1,2013-03-19,13,3,4,2,3,7,312
9949,1976,Graduation,Married,59809,2,2012-10-18,36,3,3,3,6,8,877
10837,1975,Graduation,Married,23957,1,2012-10-28,47,1,2,0,3,6,68
3120,1981,Graduation,Together,38547,1,2013-08-28,49,1,1,0,2,8,22
5885,1973,2n Cycle,Married,35688,3,2012-08-22,94,7,4,1,4,8,211
4050,1966,Master,Married,49605,0,2014-06-21,65,1,2,1,4,3,127
3830,1953,Master,Married,59354,2,2014-04-24,59,1,4,4,7,3,459
7987,1969,Graduation,Married,65747,1,2014-03-07,96,4,8,1,6,6,460
7798,1972,2n Cycle,Together,46344,1,2012-12-14,28,4,7,1,5,7,429
92,1988,Graduation,Alone,34176,1,2014-05-12,12,4,3,0,4,6,89
7055,1952,PhD,Together,61010,1,2012-10-09,57,2,8,5,11,5,1021
10240,1949,Graduation,Together,69372,0,2013-02-19,10,1,10,4,6,4,1381
3025,1958,Graduation,Single,49967,1,2013-07-08,4,3,6,1,5,7,306
9283,1978,Graduation,Single,60199,3,2013-09-12,49,1,0,0,3,4,18
9970,1977,Graduation,Together,55375,1,2013-10-17,3,1,1,1,6,2,162
2730,1955,Graduation,Single,80317,0,2013-08-20,64,1,3,4,10,1,1231
2795,1958,Master,Single,30523,3,2013-07-01,0,1,1,0,2,7,13
9260,1945,PhD,Married,70356,0,2012-11-05,20,2,10,6,9,6,1706
8182,1984,Graduation,Married,23228,1,2014-01-05,91,4,3,0,4,8,121
10095,1975,PhD,Divorced,74165,0,2013-05-01,9,1,5,4,10,2,1293
8475,1973,PhD,Married,157243,1,2014-03-01,98,15,0,22,0,0,1608
4370,1966,Graduation,Together,43482,3,2013-11-13,83,3,2,0,4,6,88
10573,1953,Graduation,Divorced,62551,0,2013-11-18,27,1,6,7,4,3,421
3712,1959,Graduation,Divorced,52332,0,2013-08-28,63,1,3,2,6,4,259
6637,1988,Graduation,Single,66951,0,2013-11-02,46,1,3,4,7,1,1117
3152,1957,Graduation,Together,26091,2,2014-02-25,84,3,2,1,3,5,89
5610,1965,Graduation,Together,33456,2,2014-04-21,58,2,1,0,3,7,36
6460,1982,Graduation,Married,28718,1,2013-07-13,78,2,2,0,3,8,57
1349,1970,Graduation,Married,50447,2,2014-04-21,4,1,3,1,3,6,148
1880,1959,PhD,Together,53537,2,2014-01-30,17,2,2,1,3,5,93
641,1967,Graduation,Single,52074,1,2014-04-04,77,1,2,2,2,4,119
8717,1975,PhD,Married,80427,1,2012-09-12,56,1,11,8,8,5,1835
10314,1948,PhD,Married,83837,0,2012-12-16,79,1,9,10,5,4,1318
10854,1970,PhD,Married,38853,2,2014-05-23,90,2,2,0,3,7,45
10492,1959,Graduation,Together,38285,3,2014-06-24,96,1,0,0,3,2,10
6935,1951,2n Cycle,Married,78497,0,2013-12-01,44,1,5,7,12,2,978
7698,1976,PhD,Married,51650,1,2014-05-11,81,1,4,1,4,5,191
3559,1988,2n Cycle,Married,16248,1,2014-05-10,77,3,2,1,3,6,57
10562,1946,Master,Married,66835,0,2013-09-28,21,1,6,4,13,2,1033
10796,1984,Master,Married,30477,1,2014-01-22,16,1,1,1,3,6,66
2563,1961,Basic,Married,28249,0,2014-06-15,80,1,2,0,3,6,43
3518,1983,Graduation,Married,25271,1,2012-12-05,45,1,1,1,2,9,50
5823,1970,PhD,Single,32303,1,2014-03-08,63,2,1,0,4,5,39
3934,1966,Graduation,Married,61286,1,2013-08-02,34,2,7,1,8,5,608
6982,1976,Graduation,Married,74068,0,2013-03-19,14,1,4,10,9,2,1581
6431,1964,PhD,Married,45759,2,2013-02-23,13,2,2,0,3,7,68
9733,1978,Basic,Together,24882,1,2012-09-09,52,1,1,1,2,6,80
5602,1989,PhD,Together,66973,0,2013-05-17,98,1,8,7,12,3,1282
7829,1900,2n Cycle,Divorced,36640,1,2013-09-26,99,1,2,1,2,5,65
1324,1988,Graduation,Married,38872,1,2013-05-30,93,2,3,0,3,8,91
326,1973,Graduation,Married,51148,2,2013-02-18,38,4,5,1,6,6,315
7224,1977,Graduation,Married,31353,2,2013-12-29,24,2,1,1,2,8,31
6999,1980,Master,Married,69661,0,2014-05-13,80,1,7,3,12,3,834
9938,1954,Graduation,Married,80067,0,2013-09-19,82,1,4,6,6,2,1600
6422,1954,Graduation,Married,86718,0,2013-01-17,20,1,5,6,5,2,1270
3182,1973,PhD,Single,46854,2,2014-03-31,81,6,5,1,3,8,263
7300,1952,Graduation,Divorced,69142,1,2014-06-29,50,3,8,1,7,5,535
10424,1968,Graduation,Single,75922,0,2013-12-09,60,1,4,4,9,1,1295
8727,1978,Graduation,Divorced,63693,1,2013-10-14,63,3,11,6,9,6,1150
2798,1977,PhD,Together,102160,0,2012-11-02,54,0,7,9,10,4,1240
1030,1965,PhD,Single,40637,2,2013-07-17,72,2,1,0,3,7,38
624,1984,Master,Single,18890,0,2012-11-10,5,1,0,1,2,6,35
5176,1988,Graduation,Together,29604,1,2013-12-08,88,1,1,0,3,9,53
5552,1963,Master,Divorced,48721,2,2013-05-13,50,6,4,2,5,6,293
868,1966,Graduation,Married,44794,1,2014-06-08,99,1,2,0,3,6,65
380,1954,Graduation,Divorced,64497,1,2012-09-10,17,5,11,4,9,8,1804
2677,1956,Graduation,Together,46097,1,2013-03-31,11,5,3,1,6,4,241
6521,1954,Graduation,Together,77972,0,2014-03-18,18,1,4,6,9,1,1101
6927,1968,PhD,Married,44377,2,2012-10-05,70,8,5,1,5,8,264
2877,1974,Master,Together,46014,2,2013-01-21,21,10,7,1,8,7,541
0,1985,Graduation,Married,70951,0,2013-05-04,66,1,3,4,9,1,1198
1584,1977,Graduation,Married,41443,1,2014-04-01,79,6,8,1,5,8,482
7264,1978,2n Cycle,Single,52195,3,2014-05-12,2,1,1,0,2,8,17
6274,1948,Master,Married,83790,0,2013-11-15,81,1,8,10,6,3,1615
1377,1954,Master,Widow,44551,1,2013-08-31,24,2,4,1,5,7,285
454,1980,Graduation,Together,69508,1,2012-11-14,48,2,11,4,11,6,1135
1755,1988,2n Cycle,Together,45204,1,2014-04-11,93,1,1,1,4,3,114
2075,1969,Graduation,Married,72460,0,2013-11-14,56,1,3,5,7,1,1047
4785,1970,PhD,Together,77622,2,2014-04-14,3,2,6,3,11,3,714
9076,1980,PhD,Married,30732,1,2013-01-05,44,4,4,1,4,8,185
7079,1962,Graduation,Divorced,63887,1,2012-09-08,38,5,9,6,12,6,1245
4653,1978,Graduation,Together,42011,1,2013-03-26,46,4,3,1,4,8,189
7375,1976,Graduation,Together,51369,1,2012-10-25,84,2,8,2,4,8,576
709,1952,Graduation,Divorced,51537,1,2012-12-09,27,3,2,2,11,8,1103
460,1972,PhD,Married,79930,0,2012-08-08,72,1,3,5,8,2,1753
3726,1986,PhD,Together,34320,1,2014-02-16,66,1,1,0,2,8,17
6798,1966,Graduation,Single,37070,2,2013-03-20,30,9,5,1,8,7,433
5341,1962,2n Cycle,Divorced,81975,1,2013-01-05,2,1,6,3,4,7,1588
1606,1971,Graduation,Together,38590,1,2013-05-15,65,1,1,0,2,8,22
9617,1951,Graduation,Single,15033,0,2014-04-16,37,1,1,0,3,3,19
3233,1965,PhD,Married,62745,1,2013-03-23,89,3,7,8,11,5,1117
89,1975,2n Cycle,Married,22212,1,2013-12-09,49,2,2,0,4,6,69
2936,1982,Master,Together,23661,1,2013-12-04,46,1,1,0,3,7,23
9449,1958,PhD,Single,79761,1,2013-10-04,32,1,5,2,11,3,605
7297,1973,Graduation,Single,7500,1,2013-12-26,54,4,3,1,3,7,57
11004,1893,2n Cycle,Single,60182,1,2014-05-17,23,1,1,0,2,4,22
313,1968,Graduation,Widow,73455,0,2013-10-28,98,1,6,5,10,3,2088
9940,1958,Graduation,Together,64961,1,2012-12-23,97,2,6,4,4,3,1009
10735,1971,Graduation,Single,22804,1,2013-07-31,75,1,2,0,2,9,26
9529,1990,Graduation,Married,73687,0,2013-11-28,8,1,3,9,9,2,1627
6439,1958,Graduation,Married,61074,1,2012-08-17,37,7,11,5,8,7,1102
7411,1964,PhD,Married,31686,2,2014-06-05,31,2,1,0,3,6,17
2176,1972,Graduation,Married,80134,1,2013-05-20,40,2,5,3,6,6,1690
9265,1953,Graduation,Married,75027,1,2013-01-09,74,2,9,4,6,5,1390
8867,1988,PhD,Married,67546,0,2012-08-31,90,1,4,10,5,3,2126
8932,1969,Master,Together,65176,1,2012-10-29,57,4,9,6,6,6,1531
10236,1975,Master,Single,31160,1,2013-09-16,59,2,2,0,3,8,64
6340,1985,Graduation,Single,29938,1,2013-10-27,52,2,1,0,3,6,26
10089,1974,Graduation,Divorced,102692,0,2013-04-05,5,1,6,9,13,2,1112
2227,1958,2n Cycle,Together,26490,0,2012-09-22,92,2,3,1,5,6,210
10992,1967,Graduation,Together,75702,2,2012-08-29,77,5,4,6,11,8,1148
5304,1974,PhD,Single,30899,1,2012-10-13,35,2,1,0,3,6,33
309,1961,PhD,Together,63342,1,2012-10-16,48,3,8,3,5,6,1101
3406,1964,Graduation,Single,45989,1,2012-10-22,97,4,3,2,7,3,322
2661,1964,Graduation,Single,18701,2,2013-06-04,95,4,2,0,4,5,44
3153,1957,PhD,Single,40737,3,2013-12-08,24,1,1,0,2,8,17
10264,1979,Graduation,Divorced,15287,1,2012-10-10,60,2,1,1,2,7,31
1184,1968,PhD,Divorced,69674,2,2013-05-22,46,3,10,2,10,5,845
4200,1970,Master,Married,44159,1,2014-06-17,85,4,4,1,6,5,275
9396,1978,PhD,Married,37717,1,2012-11-23,31,1,1,0,2,9,25
2387,1952,Master,Together,43776,2,2013-02-03,9,6,5,2,4,8,275
6690,1966,Master,Married,38179,2,2013-03-14,30,4,3,1,3,7,90
1225,1963,Graduation,Married,80124,0,2014-06-26,47,1,3,7,8,1,1495
9703,1970,PhD,Married,38097,2,2012-10-15,70,4,3,2,2,7,184
291,1970,Graduation,Married,72940,0,2013-06-19,13,1,3,3,6,1,981
4557,1970,Graduation,Together,22070,1,2013-10-04,11,2,2,2,2,6,67
2379,1953,Graduation,Single,69267,0,2012-09-22,31,2,3,4,5,7,1635
5726,1983,Master,Single,31788,1,2014-03-20,15,3,3,0,4,5,60
3066,1975,PhD,Together,61905,1,2014-02-04,2,2,4,2,4,5,231
6336,1960,Graduation,Married,29315,2,2014-04-06,55,4,2,0,4,6,48
10967,1963,Graduation,Divorced,33378,2,2013-02-06,38,3,2,0,4,7,99
2304,1963,PhD,Together,66313,1,2013-09-16,86,2,6,3,12,4,770
3445,1956,Graduation,Single,60714,0,2013-01-17,56,2,7,4,10,5,957
7828,1981,Master,Together,77882,0,2014-04-30,29,1,3,3,5,1,818
3762,1986,PhD,Single,69867,0,2013-04-02,30,1,3,5,8,1,925
4391,1968,Master,Divorced,63841,1,2013-04-21,64,1,9,3,9,6,908
4669,1981,Basic,Married,24480,1,2013-02-11,46,3,3,0,4,7,102
10144,1976,Graduation,Together,51369,1,2012-10-25,84,2,8,2,4,8,576
8652,1946,Graduation,Together,37760,0,2012-08-31,20,2,4,1,6,7,317
1672,1974,PhD,Together,65640,1,2014-03-01,74,1,5,1,8,2,461
8962,1975,Master,Married,44319,2,2014-04-17,18,2,2,0,3,5,37
9974,1974,Graduation,Married,30631,1,2013-07-12,75,1,3,1,2,7,70
10983,1952,Graduation,Together,75278,0,2013-01-29,17,1,6,3,13,3,930
8148,1956,Master,Together,50898,2,2013-01-08,88,13,6,2,12,5,859
10102,1966,Graduation,Widow,79946,0,2014-05-12,19,1,5,11,5,3,1478
4697,1949,Master,Divorced,35416,0,2013-06-13,62,3,7,1,5,8,390
9262,1984,2n Cycle,Together,32414,0,2013-07-04,11,1,1,0,3,7,52
7254,1969,Graduation,Together,38361,1,2013-12-27,74,3,3,1,3,7,137
4543,1980,Graduation,Married,82497,0,2012-10-31,32,1,2,7,9,4,1919
4927,1971,Graduation,Together,16626,2,2014-01-15,76,3,3,0,3,9,68
10451,1965,Graduation,Together,29672,2,2013-03-12,6,1,0,0,3,6,25
2926,1952,Master,Together,55951,1,2012-08-23,62,3,3,6,11,8,1374
2874,1988,2n Cycle,Divorced,35388,1,2013-03-07,20,1,1,0,3,7,32
9738,1986,Master,Together,42386,1,2013-01-13,43,1,3,0,3,8,100
7119,1982,Graduation,Single,68627,0,2013-01-12,45,1,2,3,6,1,825
3924,1965,PhD,Divorced,57912,1,2014-03-17,34,5,8,3,12,5,916
5827,1958,Graduation,Divorced,35246,2,2014-04-16,53,4,3,1,3,5,62
5596,1956,2n Cycle,Together,58821,1,2013-10-12,44,1,9,2,9,6,728
10812,1978,PhD,Married,46377,1,2014-03-01,89,1,2,1,3,4,90
1717,1988,Graduation,Single,39747,1,2014-04-13,43,3,5,1,4,8,273
9491,1984,Graduation,Together,23976,1,2013-12-27,68,3,3,1,3,7,66
9274,1961,Master,Married,80950,0,2013-03-28,44,1,6,7,9,2,1213
6609,1966,Graduation,Widow,27038,0,2012-09-18,64,1,3,0,3,9,107
6963,1947,Graduation,Single,77457,0,2014-03-05,85,1,2,5,10,1,1157
4440,1964,Master,Married,64100,1,2013-09-10,93,1,8,3,6,7,546
1379,1992,Master,Together,42670,0,2013-04-27,12,1,4,2,4,4,241
10032,1976,Graduation,Divorced,12571,1,2014-01-18,86,4,3,1,3,6,53
2826,1967,Graduation,Married,22574,3,2013-10-28,28,2,2,0,3,7,37
2437,1989,Graduation,Married,51381,0,2013-06-03,69,1,6,5,12,3,1611
6320,1976,Master,Single,70893,0,2013-02-06,42,1,6,6,10,3,1508
3050,1966,Graduation,Married,54198,2,2013-12-17,13,6,3,1,6,4,235
231,1956,Master,Together,28839,2,2014-03-11,86,2,2,0,3,5,32
2392,1972,Graduation,Married,40321,2,2013-07-29,59,2,3,0,3,7,102
9478,1985,Graduation,Single,66503,1,2012-08-14,30,2,4,3,6,3,401
113,1951,Graduation,Married,30833,2,2013-07-16,33,2,1,0,3,5,28
2863,1970,Graduation,Single,51381,3,2013-08-23,67,6,2,3,10,7,1052
1802,1971,Graduation,Married,64795,1,2013-01-17,23,3,3,3,12,2,680
520,1974,Graduation,Married,34421,1,2013-07-01,81,1,1,0,2,7,30
8275,1965,PhD,Divorced,47025,2,2014-02-09,6,1,1,0,2,7,20
9750,1961,PhD,Divorced,64325,1,2013-02-07,41,5,10,3,5,7,1307
2607,1953,Graduation,Single,40464,1,2013-01-11,78,6,8,2,8,8,630
7214,1957,Graduation,Married,62187,0,2013-07-05,49,1,4,8,5,3,1283
5835,1976,PhD,Divorced,14849,1,2013-07-02,39,3,2,0,4,8,65
3896,1984,Graduation,Married,27255,1,2013-11-07,3,1,1,0,3,7,37
10350,1950,PhD,Married,54432,3,2013-05-09,37,1,1,0,3,4,38
7786,1986,PhD,Single,29999,1,2013-02-13,22,4,3,1,4,8,160
2861,1983,Graduation,Single,24072,1,2013-04-16,79,1,1,0,2,8,23
663,1989,PhD,Single,33996,0,2013-09-11,46,1,1,1,3,4,71
10675,1956,PhD,Married,66334,1,2013-04-03,82,2,9,3,5,5,1161
2521,1971,Master,Married,35178,1,2013-01-10,10,1,1,1,2,7,59
9592,1983,Graduation,Together,22010,1,2013-06-30,51,2,2,0,3,8,33
10151,1960,Graduation,Divorced,62204,2,2012-09-12,38,1,4,5,12,3,946
7381,1968,Graduation,Divorced,75693,0,2012-12-06,10,1,11,4,6,4,1442
4099,1972,Graduation,Married,30675,1,2012-11-12,14,1,1,0,3,8,62
9560,1965,Graduation,Together,83003,0,2013-03-03,18,1,7,6,8,3,1674
1150,1899,PhD,Together,83532,0,2013-09-26,36,1,4,6,4,1,1853
10172,1988,Graduation,Single,68655,0,2012-08-10,95,1,4,5,11,3,1538
11191,1986,Graduation,Divorced,41411,0,2013-12-07,11,1,2,1,4,6,139
9707,1969,PhD,Married,55212,1,2012-11-23,65,3,4,2,11,8,1182
6245,1950,PhD,Together,59292,1,2013-06-13,71,2,3,5,8,3,507
8234,1973,Basic,Together,27190,1,2013-08-15,13,1,1,0,2,8,18
1411,1952,Graduation,Divorced,82623,0,2013-11-10,58,1,2,9,4,1,940
8553,1965,Graduation,Married,44300,2,2013-06-23,65,2,1,0,3,6,42
1826,1970,Graduation,Divorced,84835,0,2014-06-16,0,1,4,4,6,1,1190
8842,1971,Graduation,Widow,30372,2,2012-12-25,33,3,2,0,3,7,44
11030,1976,Master,Married,33181,1,2014-01-03,90,1,1,0,2,6,16
2579,1957,Graduation,Married,71113,1,2013-12-17,95,4,6,7,9,4,835
175,1986,Graduation,Married,71952,1,2013-01-10,93,2,8,4,8,4,1443
9185,1966,PhD,Single,69759,0,2013-10-28,38,3,4,6,5,3,1029
11056,1974,Graduation,Married,72099,0,2012-10-27,18,1,3,4,10,1,1188
9365,1976,PhD,Single,60000,1,2012-12-22,57,5,11,3,5,6,1277
6201,1978,Graduation,Single,38643,2,2013-11-29,45,2,2,0,3,7,49
2061,1955,Graduation,Married,50737,1,2013-05-11,61,1,2,0,4,6,99
6184,1969,PhD,Married,68462,0,2012-12-12,6,1,3,3,8,1,1670
6142,1943,Master,Married,65073,0,2013-08-20,65,1,5,3,5,2,900
4107,1948,PhD,Together,46681,2,2013-10-08,52,2,4,6,4,5,425
7274,1957,Graduation,Married,78618,0,2012-09-28,87,1,4,7,10,2,2153
9336,1969,PhD,Widow,62187,1,2014-03-22,38,3,6,2,10,4,636
2958,1978,Graduation,Married,28442,2,2014-02-24,53,3,2,1,4,4,57
933,1978,PhD,Married,37717,1,2012-11-23,31,1,1,0,2,9,25
5837,1967,Graduation,Married,51479,2,2012-12-28,67,7,6,3,6,7,494
10704,1969,Graduation,Single,54803,1,2012-08-21,65,2,6,2,9,4,693
5125,1960,Graduation,Married,79530,0,2013-05-17,64,1,4,10,11,2,1348
4432,1976,Graduation,Divorced,31615,1,2013-03-16,82,2,2,0,3,7,51
5955,1962,Graduation,Together,72025,0,2012-11-17,27,1,4,3,8,3,1932
2928,1975,PhD,Single,52614,1,2012-12-01,63,2,2,4,8,8,990
5680,1984,2n Cycle,Married,35684,1,2014-04-22,66,1,1,0,3,6,30
10313,1975,Graduation,Married,48178,2,2012-10-28,69,6,5,1,4,8,254
2557,1970,Master,Single,29548,1,2013-08-29,52,1,1,1,2,4,29
1245,1966,Graduation,Single,63810,1,2012-11-11,45,4,4,3,12,8,1371
1519,1972,PhD,Single,38578,2,2013-06-22,2,3,3,0,3,8,73
10703,1975,Master,Single,46098,2,2012-08-18,86,4,3,2,2,8,120
1726,1970,Graduation,Single,22585,0,2013-03-18,23,1,1,1,2,9,81
4459,1989,Graduation,Single,30279,1,2012-12-30,13,1,1,0,3,8,37
1729,1961,PhD,Together,66426,1,2013-10-02,14,2,3,5,10,6,1377
1517,1969,Graduation,Single,30822,1,2013-06-14,92,1,1,0,3,7,51
2098,1969,PhD,Married,33581,2,2013-01-08,38,1,1,0,2,8,17
9543,1985,Graduation,Married,19986,1,2013-11-14,74,1,0,0,3,7,22
6878,1954,Graduation,Widow,27421,0,2012-12-12,14,3,4,1,6,7,324
3310,1973,2n Cycle,Married,35688,3,2012-08-22,94,7,4,1,4,8,211
2724,1981,Master,Single,36143,1,2014-03-30,33,1,0,1,2,3,19
948,1971,Graduation,Single,10245,1,2013-05-15,32,3,1,2,2,5,41
6720,1968,Master,Together,43795,1,2013-10-16,11,3,7,3,4,7,492
6202,1960,Graduation,Together,63381,1,2012-10-05,78,4,4,5,13,2,1005
2066,1949,Graduation,Together,38823,1,2012-08-30,56,1,2,1,3,6,114
9799,1968,PhD,Divorced,83664,2,2013-05-08,57,3,2,2,12,5,1173
8318,1979,Graduation,Together,90300,0,2014-01-03,7,0,5,6,8,1,1738
5642,1979,Master,Together,62499,1,2013-12-09,0,2,3,1,6,4,222
2669,1993,Graduation,Single,74293,0,2014-05-04,66,1,5,4,6,2,1127
455,1946,PhD,Married,51012,0,2013-04-18,86,1,4,1,4,6,209
7683,1968,Master,Married,70777,1,2014-02-25,80,3,5,3,12,3,787
3428,1991,PhD,Together,68682,0,2013-10-06,56,1,4,9,10,2,1598
7414,1971,Graduation,Married,43824,2,2012-09-15,18,4,3,1,4,8,186
6354,1984,Graduation,Together,15345,1,2012-08-31,51,2,1,1,2,8,47
798,1987,Graduation,Single,23442,1,2012-12-24,71,1,1,0,3,7,27
8213,1980,2n Cycle,Together,14515,1,2012-11-09,71,4,2,2,3,7,96
2488,1956,2n Cycle,Divorced,31395,2,2013-03-23,80,4,2,1,3,6,64
9999,1965,Graduation,Together,75276,0,2012-09-27,2,1,9,4,9,5,1040
7617,1974,Graduation,Single,42373,2,2013-08-15,83,5,2,1,5,5,163
615,1960,Graduation,Together,30507,0,2013-03-11,29,1,5,1,4,7,343
2552,1955,PhD,Single,55521,3,2013-10-22,11,9,6,3,6,7,446
194,1965,Graduation,Married,48006,2,2014-06-09,55,1,1,0,3,6,41
3645,1972,PhD,Single,27213,1,2012-08-30,19,3,2,0,4,8,70
8890,1971,PhD,Divorced,65808,2,2014-05-30,1,3,5,1,5,6,272
5049,1974,PhD,Together,30351,1,2013-06-06,19,1,3,0,2,9,46
9973,1963,Graduation,Married,50437,2,2012-10-17,28,3,7,1,8,7,490
7301,1982,2n Cycle,Single,23616,1,2012-11-17,76,2,3,0,3,8,79
10882,1976,Graduation,Married,53858,1,2012-11-09,50,4,4,3,6,4,915
7030,1955,PhD,Married,66465,1,2013-03-30,1,3,11,9,12,6,1485
7422,1987,Graduation,Single,46923,1,2012-08-22,90,3,5,1,7,7,369
3523,1962,Graduation,Together,75072,1,2013-01-23,83,2,5,4,8,3,1073
7106,1943,PhD,Married,75865,0,2014-03-31,73,1,3,5,10,1,1242
6504,1975,2n Cycle,Together,19789,1,2013-11-20,24,3,2,1,3,5,78
5067,1994,Graduation,Together,80134,0,2014-02-14,11,1,2,7,11,5,1378
4216,1981,Graduation,Single,91065,0,2013-02-22,33,1,7,9,9,3,1474
8581,1971,Master,Married,49505,2,2013-03-05,4,9,10,2,8,8,751
5929,1973,PhD,Married,37401,1,2014-05-06,14,2,2,0,3,7,48
3129,1983,Graduation,Married,30096,1,2014-05-22,30,1,2,0,3,6,45
6528,1982,Master,Together,18492,1,2014-06-05,75,1,1,0,2,8,10
1361,1974,Master,Married,82584,0,2013-06-04,26,1,3,4,8,1,1435
6932,1941,PhD,Married,93027,0,2013-04-13,77,0,7,10,5,2,2119
7284,1953,Graduation,Married,48686,3,2013-12-04,8,1,1,0,2,8,20
1340,1986,Graduation,Married,92910,0,2014-04-24,42,1,6,7,13,1,1795
8746,1989,Graduation,Married,75433,1,2014-04-05,28,2,2,5,10,6,1188
5987,1989,2n Cycle,Together,10404,1,2014-05-04,52,2,1,0,4,5,43
3767,1968,Graduation,Married,61314,1,2013-04-25,1,2,5,5,12,3,1008
3725,1961,PhD,Single,84865,0,2013-05-09,1,1,2,4,9,4,1688
4324,1989,Graduation,Married,42387,1,2012-10-29,42,5,8,1,7,8,684
238,1967,2n Cycle,Together,67309,2,2013-01-23,76,15,9,6,9,7,1082
6694,1964,Graduation,Married,75236,1,2013-11-25,27,1,8,3,13,4,1068
498,1970,Graduation,Single,30015,1,2014-02-02,28,2,1,0,4,5,57
9347,1956,Master,Together,50943,1,2013-06-21,49,1,1,0,3,5,46
9699,1966,Graduation,Divorced,67272,1,2013-12-21,12,3,6,2,12,5,733
10664,1949,Master,Widow,51529,1,2013-09-07,14,2,9,1,5,8,467
5455,1971,PhD,Married,32011,1,2013-08-22,89,3,2,1,4,7,122
456,1986,2n Cycle,Married,7500,1,2013-02-07,96,2,2,0,3,8,36
5012,1989,Graduation,Married,28691,1,2013-07-04,56,1,1,0,3,8,34
7495,1948,PhD,Married,56223,1,2013-12-20,72,2,2,1,5,4,156
5029,1946,Graduation,Married,18100,0,2013-08-06,14,1,0,0,3,5,14
10642,1989,Graduation,Single,30279,1,2012-12-30,13,1,1,0,3,8,37
2106,1974,2n Cycle,Married,20130,0,2014-03-17,99,1,1,0,3,8,34
10364,1959,Graduation,Divorced,23295,0,2013-07-13,72,1,1,0,2,8,20
5954,1972,Master,Divorced,42618,1,2013-10-09,92,2,5,0,4,8,192
1137,1964,Graduation,Single,81246,0,2013-12-29,87,1,4,5,7,1,1379
2541,1976,Graduation,Married,24027,1,2013-06-09,7,2,2,0,3,8,48
1142,1953,PhD,Married,55707,1,2013-12-22,91,2,3,2,9,3,428
2276,1955,Graduation,Single,57959,1,2013-05-02,71,5,4,7,11,3,868
2807,1969,Graduation,Married,56796,1,2013-02-16,24,3,8,9,7,7,1001
6471,1971,Master,Single,36230,1,2013-10-17,17,1,2,0,4,5,59
6131,1980,2n Cycle,Married,70829,2,2013-12-01,87,2,4,2,8,3,431
6233,1976,Graduation,Married,65991,1,2012-09-07,21,3,9,5,10,7,971
4148,1972,Graduation,Married,38988,3,2012-08-20,90,7,5,1,6,8,348
4947,1966,2n Cycle,Single,89572,0,2012-09-15,44,1,7,7,9,4,2059
3225,1984,Master,Married,42207,1,2013-04-01,71,4,4,1,5,6,265
7540,1952,Graduation,Married,50300,1,2014-05-25,52,2,2,1,8,2,270
10648,1982,2n Cycle,Together,66664,0,2012-09-25,78,1,5,7,6,3,1289
1992,1964,Graduation,Married,60597,1,2014-01-01,2,4,2,2,8,7,893
7851,1949,Graduation,Widow,70165,0,2013-09-22,60,1,3,7,11,1,926
8594,1958,PhD,Widow,50520,1,2014-01-28,25,2,3,1,3,6,135
7059,1963,Graduation,Married,80124,0,2014-06-26,47,1,3,7,8,1,1495
2815,1975,Graduation,Married,33183,1,2014-02-24,46,2,4,0,3,7,120
2416,1969,PhD,Single,66582,0,2014-03-03,83,1,2,8,9,1,1288
7999,1955,PhD,Together,75261,0,2013-04-23,17,1,5,6,5,2,1743
9213,1970,Graduation,Widow,31880,1,2012-10-31,13,1,1,0,2,8,15
9697,1951,Graduation,Married,53790,2,2014-03-06,86,3,7,2,8,6,542
3916,1971,PhD,Together,49269,1,2012-08-15,92,3,7,3,12,7,890
2021,1975,Graduation,Married,61456,1,2013-03-27,47,4,6,10,13,4,1388
1581,1980,Graduation,Married,37406,1,2013-10-10,18,1,1,0,2,8,17
564,1981,PhD,Together,56937,1,2012-08-04,81,7,8,6,9,6,906
6619,1978,Graduation,Married,38415,2,2013-01-02,91,2,1,0,3,7,44
9081,1988,Graduation,Single,20518,1,2014-05-18,58,1,1,1,2,5,25
178,1956,Graduation,Married,62503,1,2013-02-18,40,4,8,3,11,5,973
916,1972,PhD,Single,41644,2,2014-05-09,67,2,1,0,3,3,31
5512,1977,Master,Married,55842,1,2014-05-23,19,1,7,1,8,5,518
8970,1972,PhD,Married,62010,1,2012-10-23,93,4,6,2,7,5,530
10581,1977,Graduation,Married,41124,1,2012-10-31,41,7,7,3,4,8,506
5300,1973,Master,Married,38961,1,2013-12-30,60,1,2,1,2,7,70
5154,1972,Master,Divorced,37760,1,2013-08-11,54,1,2,0,3,6,54
8346,1974,Graduation,Single,32233,1,2012-08-19,26,2,6,2,2,9,296
1676,1975,Graduation,Married,43057,1,2013-10-30,30,4,4,2,5,5,266
9286,1960,Master,Together,83151,0,2012-10-10,93,1,5,9,4,3,747
2426,1964,PhD,Divorced,78825,0,2012-09-14,35,1,5,10,13,3,895
5172,1976,Master,Together,65104,1,2013-11-14,4,2,3,5,7,7,1053
5562,1974,Graduation,Married,60093,1,2013-06-26,92,2,7,2,10,6,735
3436,1969,Graduation,Married,14045,1,2014-01-26,24,1,1,0,3,7,20
3921,1952,2n Cycle,Widow,28457,0,2012-10-28,96,1,4,1,4,8,205
3403,1958,PhD,Together,78952,1,2012-09-24,11,2,2,5,12,6,2092
22,1976,Graduation,Divorced,46310,1,2012-12-03,99,2,6,1,5,8,309
10965,1955,Graduation,Together,76005,0,2013-02-22,72,1,3,5,13,6,1722
9426,1964,Master,Single,58308,1,2013-01-12,77,4,2,6,3,8,900
6605,1944,PhD,Divorced,55614,0,2013-11-27,85,1,9,4,6,7,682
3136,1962,Master,Divorced,59432,1,2013-04-13,88,3,5,3,11,5,663
8737,1978,Graduation,Divorced,55563,1,2014-04-05,22,1,2,0,3,3,43
11088,1971,PhD,Together,78642,1,2013-04-21,83,1,4,9,4,6,1816
716,1949,PhD,Together,67911,1,2014-05-22,63,3,6,7,11,3,976
466,1944,Graduation,Married,65275,0,2013-04-03,9,1,4,3,13,2,746
9135,1950,Graduation,Together,27203,2,2012-08-06,92,2,1,1,2,8,64
10623,1961,Master,Together,48330,1,2013-11-15,2,1,1,0,3,5,32
8151,1990,Basic,Married,24279,0,2012-12-29,6,1,4,1,3,8,263
5140,1985,PhD,Married,64355,1,2012-08-24,66,2,4,3,12,8,1445
10160,1956,Master,Together,50943,1,2013-06-21,49,1,1,0,3,5,46
4945,1953,Graduation,Widow,53653,0,2012-11-07,29,2,10,4,12,6,1210
10584,1976,Graduation,Married,65665,1,2013-12-02,77,1,5,10,8,3,945
6071,1989,Graduation,Single,81217,0,2013-07-19,77,1,3,7,11,1,1157
3386,1992,Graduation,Married,34935,0,2013-06-21,71,1,2,1,4,7,137
8939,1959,Graduation,Divorced,61250,1,2012-12-16,49,6,5,2,12,5,730
9925,1981,PhD,Together,39665,1,2013-05-25,97,3,4,2,3,7,216
4320,1979,Graduation,Single,60152,1,2013-03-28,6,1,6,4,12,3,943
5389,1964,Graduation,Married,48920,2,2013-10-20,93,3,6,2,5,7,347
6036,1959,Master,Together,89120,0,2014-03-17,78,1,5,6,7,1,1924
182,1946,PhD,Together,44124,1,2013-05-11,62,4,6,2,5,8,397
203,1975,Master,Single,81169,0,2013-04-14,47,1,5,7,9,2,2089
11025,1961,Graduation,Married,36443,2,2013-02-03,9,4,3,1,3,8,138
10203,1990,Graduation,Single,26095,1,2013-06-30,77,1,1,0,3,7,42
4607,1959,Graduation,Together,71367,0,2013-08-23,24,1,4,5,7,2,777
3711,1944,Master,Married,80184,0,2014-03-01,19,1,6,3,10,3,1902
3696,1965,Graduation,Divorced,30630,2,2014-01-27,67,2,2,0,3,7,52
2532,1987,Master,Single,73454,0,2014-03-01,95,1,2,4,6,5,1651
9214,1991,Graduation,Married,42691,0,2013-08-16,48,1,5,1,6,5,358
4943,1953,Graduation,Married,70503,0,2012-09-30,73,1,2,4,9,6,1727
35,1987,Graduation,Married,25545,1,2012-09-08,35,3,2,2,3,6,210
2258,1986,Graduation,Married,32880,1,2012-12-04,76,1,1,0,3,8,42
4322,1958,PhD,Together,77863,0,2013-11-27,20,1,4,5,10,2,1291
713,1977,Master,Married,50353,0,2014-06-08,72,1,4,4,6,3,442
4702,1964,Graduation,Single,61839,0,2012-08-12,20,1,4,8,4,8,1895
3281,1960,PhD,Married,49154,2,2013-11-03,69,6,4,1,8,6,411
702,1975,2n Cycle,Widow,47682,1,2013-02-15,80,4,4,3,8,5,521
2004,1969,Graduation,Single,72679,1,2013-09-18,65,1,4,7,5,1,1168
4769,1977,Master,Together,57954,2,2014-06-18,52,7,8,2,6,7,493
4437,1962,Graduation,Married,65316,2,2013-04-24,65,2,3,2,5,4,260
8724,1982,Graduation,Single,28567,1,2013-06-17,57,2,2,0,3,6,46
10741,1951,Master,Together,47352,1,2013-04-11,70,4,6,1,5,7,319
1991,1967,Graduation,Together,44931,1,2014-01-18,0,1,2,1,3,5,96
6931,1967,Graduation,Divorced,76982,0,2014-02-15,19,1,8,3,4,4,1062
11096,1952,2n Cycle,Together,57247,1,2013-08-08,50,2,2,1,7,2,232
304,1981,Master,Single,22944,1,2013-12-23,67,3,3,0,3,7,76
3665,1977,2n Cycle,Together,25315,1,2013-11-07,46,3,3,0,3,8,54
10591,1969,Graduation,Widow,43638,1,2012-08-06,37,2,4,1,4,7,201
5036,1984,PhD,Single,42710,1,2012-11-28,38,2,4,5,3,6,406
5547,1982,PhD,Married,84169,0,2013-08-07,9,1,7,6,6,3,1919
7822,1976,Graduation,Together,54058,1,2013-06-04,56,2,4,6,8,3,662
8541,1990,2n Cycle,Married,24683,1,2014-03-08,98,2,2,0,4,5,41
10955,1964,Graduation,Widow,85620,0,2014-01-07,68,1,3,6,4,1,1600
4368,1980,Graduation,Married,47850,1,2013-12-03,72,1,3,0,4,6,134
9671,1968,Graduation,Married,19514,2,2014-01-26,47,4,3,1,2,8,69
2256,1973,Master,Married,27159,2,2014-03-29,33,2,1,0,3,6,21
4279,1963,2n Cycle,Single,39548,2,2014-03-31,87,2,1,1,3,3,54
5371,1989,Graduation,Single,21474,1,2014-04-08,0,2,3,1,2,7,91
9240,1971,PhD,Single,60504,1,2014-02-07,73,2,6,2,8,6,526
9460,1963,Graduation,Married,22419,0,2013-04-18,74,1,3,2,2,8,162
9504,1949,Master,Married,81698,0,2013-11-06,4,1,3,8,13,1,1008
8692,1952,Graduation,Together,43462,2,2012-09-12,50,6,4,1,5,8,240
448,1978,PhD,Single,54880,1,2013-03-01,57,2,6,2,11,5,795
8314,1982,Graduation,Married,79908,0,2013-04-05,30,1,5,6,7,2,1772
8420,1970,2n Cycle,Married,15315,0,2013-08-03,27,2,2,0,4,5,64
3174,1959,Graduation,Together,87771,1,2013-05-22,61,1,5,10,4,6,1957
7685,1978,Graduation,Married,33039,1,2013-09-09,4,1,2,0,4,5,78
3179,1980,Graduation,Single,81741,0,2013-06-16,75,0,6,6,7,2,1572
9780,1971,Master,Together,71499,1,2013-06-25,12,2,8,3,13,4,795
10681,1970,2n Cycle,Married,62466,1,2014-01-15,13,5,6,3,12,4,889
10232,1963,PhD,Divorced,48799,1,2013-11-05,9,3,3,2,7,3,331
4184,1950,PhD,Together,52157,1,2014-06-07,48,2,3,2,5,4,265
9120,1962,Graduation,Single,66565,1,2012-12-05,80,4,4,2,9,8,1065
891,1951,Master,Together,29298,2,2013-09-07,60,1,1,0,2,5,11
10381,1979,Graduation,Single,47691,1,2013-07-05,43,1,1,0,2,6,21
3525,1970,Graduation,Together,38200,2,2012-12-07,19,1,1,0,2,7,17
6818,1974,Graduation,Married,44989,1,2012-09-12,26,5,5,1,5,6,369
3526,1968,PhD,Married,38443,2,2014-01-27,58,2,1,0,3,7,38
8181,1978,2n Cycle,Single,38593,1,2013-09-13,42,3,4,1,3,8,177
1029,1970,PhD,Together,64413,1,2013-08-01,27,1,5,1,5,5,279
7369,1981,Master,Married,36959,1,2013-10-02,56,2,2,0,3,8,62
2574,1977,PhD,Married,61996,1,2013-01-31,27,3,6,4,8,5,1230
8159,1968,Graduation,Married,51287,2,2014-04-01,10,3,4,1,3,7,182
1160,1970,Graduation,Married,13260,2,2013-08-23,48,4,3,0,3,8,49
10242,1966,PhD,Together,47472,2,2013-09-16,39,2,2,0,4,5,75
5253,1956,Master,Together,54603,2,2013-07-09,85,6,4,2,4,7,227
5966,1974,PhD,Married,45207,2,2012-11-10,64,5,3,1,6,6,215
5314,1951,Graduation,Together,40689,1,2013-03-18,69,7,7,1,5,8,444
5081,1967,2n Cycle,Together,47821,2,2013-10-20,54,1,1,0,3,8,47
5123,1951,Master,Married,27450,0,2013-04-15,57,1,2,1,3,7,143
5756,1983,Graduation,Together,39453,1,2014-04-03,64,2,2,0,3,6,55
8036,1971,2n Cycle,Together,26850,2,2014-04-18,10,4,2,1,4,4,63
9058,1955,Graduation,Widow,79800,0,2012-09-23,65,1,5,11,5,3,1867
5057,1961,Master,Married,61794,1,2013-09-14,74,2,4,4,10,2,611
254,1955,Graduation,Together,53863,1,2014-05-17,4,3,7,1,7,7,473
4179,1959,Graduation,Together,24221,0,2013-08-20,94,1,1,1,3,4,55
3710,1984,PhD,Single,39684,1,2012-10-12,41,2,2,1,2,7,81
7627,1975,Master,Married,92163,0,2012-12-12,25,0,5,11,5,2,2086
4501,1965,Master,Single,69882,0,2013-11-10,94,1,3,7,9,1,1478
6424,1977,Graduation,Together,33178,1,2014-01-30,9,1,1,0,3,4,49
3075,1972,PhD,Married,59973,0,2013-09-11,47,1,3,4,7,1,382
4992,1975,Master,Together,17459,1,2013-09-19,12,3,3,1,2,7,69
5252,1969,Graduation,Divorced,23910,1,2012-10-26,80,1,2,0,3,7,67
7444,1969,Master,Married,42169,2,2013-10-19,20,2,1,0,3,8,30
6919,1978,2n Cycle,Married,26224,1,2013-06-04,39,3,2,1,3,6,63
3537,1981,Graduation,Together,31089,1,2012-08-17,57,3,3,0,4,8,79
10277,1961,Graduation,Single,30081,1,2013-02-21,27,1,1,0,3,7,42
2453,1960,Graduation,Together,62807,1,2012-08-31,83,3,5,3,12,5,819
7972,1955,Graduation,Single,72906,0,2013-09-17,79,1,3,4,9,1,1151
895,1948,PhD,Married,61467,2,2012-12-09,69,3,5,2,10,5,594
1177,1966,Master,Together,49618,2,2013-01-26,77,4,3,1,3,7,129
7141,1986,Master,Single,21888,1,2012-12-29,15,4,5,1,2,10,213
7232,1973,Graduation,Widow,42429,1,2014-02-11,99,2,1,1,3,5,67
8477,1956,Graduation,Divorced,26150,3,2013-03-11,61,1,1,0,3,7,28
2457,1975,Basic,Married,30801,1,2012-10-26,23,2,1,0,3,7,45
988,1965,Graduation,Married,81168,0,2014-05-07,84,1,6,4,7,3,1193
7930,1969,Master,Single,26877,0,2013-08-19,74,2,3,1,6,6,268
4587,1944,Master,Widow,45006,0,2013-07-18,90,1,3,1,7,3,266
6682,1973,Basic,Married,18978,1,2012-12-11,41,1,1,0,3,8,37
6222,1967,Graduation,Married,22574,3,2013-10-28,28,2,2,0,3,7,37
10299,1969,PhD,Single,48240,0,2012-11-09,73,3,6,3,13,5,882
3083,1974,Graduation,Married,45837,2,2013-07-26,88,5,6,2,5,7,373
8953,1965,Master,Single,35791,3,2013-05-06,94,2,1,0,3,8,35
1503,1976,PhD,Together,162397,2,2013-06-03,31,0,0,0,1,1,107
8650,1978,Graduation,Widow,54162,2,2013-03-18,31,1,1,0,3,4,42
10862,1960,Master,Married,30522,1,2012-08-17,6,5,1,2,9,2,326
2782,1961,PhD,Married,54456,1,2013-07-11,23,3,6,1,7,6,404
6941,1971,Graduation,Single,31632,0,2013-07-14,92,1,2,1,2,7,95
10972,1949,Graduation,Widow,72298,0,2014-03-10,52,1,4,3,6,1,939
10708,1978,2n Cycle,Single,36975,1,2013-12-28,50,1,1,0,3,7,33
6583,1955,2n Cycle,Married,72635,0,2013-06-03,54,1,6,8,6,3,981
3641,1976,Graduation,Married,13624,1,2013-01-20,93,2,2,0,3,6,36
10156,1975,Graduation,Single,84196,1,2013-06-03,56,1,8,4,7,3,1237
4299,1960,Graduation,Together,70971,1,2012-09-21,28,7,11,11,5,7,1825
3469,1977,PhD,Divorced,34487,2,2012-09-06,94,3,3,0,3,9,103
5063,1977,Graduation,Single,28769,1,2012-12-18,76,3,4,1,4,9,191
10727,1970,PhD,Married,69084,1,2013-11-19,43,2,7,3,13,8,1586
9624,1958,PhD,Together,65488,0,2014-06-13,46,1,3,4,6,1,963
5156,1970,2n Cycle,Married,62466,1,2014-01-15,13,5,6,3,12,4,889
4376,1960,2n Cycle,Single,32218,0,2014-02-15,27,1,2,1,3,7,93
8923,1973,Graduation,Single,83917,0,2013-04-18,12,1,6,7,7,3,1587
8461,1962,Graduation,Divorced,46102,3,2014-03-10,3,1,1,0,2,7,16
6945,1952,Graduation,Single,84574,0,2013-06-04,72,1,9,11,11,5,1375
944,1962,Graduation,Married,56181,1,2013-01-08,6,1,4,2,7,4,393
1907,1950,Master,Divorced,63120,1,2012-09-28,53,5,8,4,9,7,1477
701,1971,Graduation,Married,73691,1,2013-11-06,58,2,6,2,8,2,1179
3856,1960,Graduation,Together,63381,1,2012-10-05,78,4,4,5,13,2,1005
4149,1948,PhD,Together,76140,0,2014-05-13,57,1,5,9,6,2,1348
2131,1959,PhD,Divorced,62859,1,2012-12-30,37,4,9,4,6,6,1307
2942,1964,Graduation,Single,45906,1,2013-05-07,20,2,5,4,4,5,486
1173,1947,Master,Together,77632,0,2013-03-10,73,1,4,2,6,2,2252
4381,1971,PhD,Married,46463,2,2013-08-18,56,7,3,1,6,6,235
4611,1970,Graduation,Together,105471,0,2013-01-21,36,0,9,8,13,3,1724
3376,1970,Master,Divorced,55282,1,2013-12-13,9,1,3,1,6,4,235
4679,1977,Master,Married,78710,1,2014-05-23,42,3,7,6,12,4,1092
10928,1958,Graduation,Together,66886,1,2013-09-16,28,2,7,1,7,5,599
4248,1960,Master,Single,98777,0,2014-02-17,23,0,4,6,9,1,2008
6728,1985,Graduation,Together,29103,1,2012-08-27,38,2,1,0,3,9,48
6661,1974,Graduation,Married,67445,1,2012-08-12,63,5,9,6,12,6,1174
4725,1950,PhD,Together,50616,1,2014-04-13,71,1,1,1,4,2,67
3277,1955,Graduation,Divorced,49431,1,2012-08-03,9,2,7,1,5,8,365
5555,1975,Graduation,Divorced,153924,0,2014-02-07,81,0,0,0,0,0,6
2564,1953,Graduation,Together,61278,1,2014-01-04,87,2,3,1,4,6,165
946,1958,2n Cycle,Together,26490,0,2012-09-22,92,2,3,1,5,6,210
3867,1947,PhD,Together,73059,1,2013-08-31,36,1,9,3,13,4,1095
6940,1966,PhD,Single,46734,3,2013-10-21,86,4,3,2,3,6,223
55,1963,Graduation,Together,56253,1,2012-12-07,83,4,7,2,9,6,597
7093,1985,Graduation,Married,19986,1,2013-11-14,74,1,0,0,3,7,22
5084,1975,Graduation,Widow,58330,1,2013-12-25,87,1,6,4,13,4,1064
1777,1980,Basic,Married,25965,0,2012-09-07,29,1,2,0,3,8,74
8162,1956,Master,Together,14661,0,2013-01-01,88,1,1,0,3,6,26
10826,1959,Graduation,Married,18690,0,2012-12-28,77,1,1,1,2,8,60
8754,1974,PhD,Together,45068,1,2013-05-16,25,1,1,0,2,7,20
1987,1987,Basic,Single,21063,1,2013-09-25,34,2,2,0,3,6,59
11007,1968,PhD,Married,29187,1,2013-05-09,43,1,1,0,3,8,34
7426,1971,2n Cycle,Married,54690,2,2013-11-07,76,3,3,1,5,3,198
9153,1964,PhD,Married,59304,1,2013-07-29,81,3,7,8,10,5,1048
10379,1962,Master,Single,59247,2,2013-11-08,87,5,5,2,9,6,574
9204,1970,Graduation,Widow,66731,1,2012-09-12,33,4,4,3,6,3,1029
3197,1980,Graduation,Married,77353,1,2013-12-16,38,2,6,4,8,4,670
2920,1975,PhD,Single,52614,1,2012-12-01,63,2,2,4,8,8,990
6961,1974,Graduation,Married,26751,2,2014-05-22,26,1,1,0,2,8,11
4673,1963,PhD,Married,81300,1,2012-10-30,17,3,10,3,5,5,1241
9937,1979,Graduation,Single,70337,0,2014-01-02,75,1,2,2,12,1,576
8779,1985,2n Cycle,Married,36145,1,2013-06-16,13,4,4,1,3,9,172
9596,1980,PhD,Single,65295,0,2013-12-23,19,1,3,3,13,2,664
2891,1963,Graduation,Divorced,68118,1,2013-10-18,51,2,8,9,4,6,928
4910,1967,Graduation,Divorced,68743,0,2012-08-30,81,1,11,5,13,7,2074
75,1982,2n Cycle,Together,41039,0,2013-07-25,32,1,8,1,5,8,467
10120,1955,Graduation,Together,38946,1,2013-10-24,84,2,3,1,6,5,257
6327,1967,Graduation,Together,65777,0,2013-12-19,87,1,2,8,6,1,1146
10142,1976,PhD,Divorced,66476,1,2013-03-07,99,2,5,2,11,4,689
9826,1972,PhD,Single,86857,0,2012-09-12,96,1,5,6,10,2,2114
1501,1982,PhD,Married,160803,0,2012-08-04,21,15,0,28,1,0,1717
10767,1989,PhD,Together,77845,0,2014-05-16,40,1,3,5,12,1,1346
7279,1969,PhD,Together,69476,0,2013-09-30,3,1,4,6,4,2,1044
7230,1960,PhD,Divorced,50611,1,2012-10-04,98,6,4,5,7,6,493
143,1970,Graduation,Single,61209,0,2013-08-25,73,1,5,3,4,2,957
450,1958,Master,Together,42315,1,2013-07-12,90,3,1,4,4,3,270
9316,1952,Basic,Together,13084,0,2013-11-02,29,1,1,0,3,6,29
6379,1949,Master,Widow,47570,2,2013-05-29,3,3,2,2,2,7,121
9239,1961,Master,Married,61923,2,2013-07-26,94,1,2,1,4,3,126
8315,1995,Graduation,Single,34824,0,2014-03-26,65,1,1,0,2,6,23
2868,1949,PhD,Single,26518,2,2013-04-08,33,3,2,0,3,8,57
10888,1961,Graduation,Single,45938,0,2013-11-03,46,2,8,4,6,6,636
1277,1960,Graduation,Together,78468,0,2014-04-09,29,1,10,7,10,4,1004
9977,1973,Graduation,Divorced,78901,1,2013-09-17,99,3,9,3,5,4,734
10196,1978,Graduation,Married,71427,2,2014-03-12,26,2,8,2,8,4,614
6384,1978,Graduation,Divorced,71022,1,2014-02-11,30,3,5,2,11,8,1453
8029,1988,Master,Single,90247,0,2014-04-29,27,1,3,4,7,1,1621
968,1968,Master,Divorced,41335,1,2013-12-26,24,3,4,1,4,7,187
6988,1986,Graduation,Married,71952,1,2013-01-10,93,2,8,4,8,4,1443
4472,1970,PhD,Divorced,35682,1,2014-06-27,34,1,1,1,3,2,57
6991,1951,Graduation,Divorced,43185,1,2013-04-10,88,2,9,3,6,8,637
3336,1948,PhD,Together,66375,1,2013-11-21,96,3,2,4,5,7,948
4301,1971,Master,Married,35178,1,2013-01-10,10,1,1,1,2,7,59
1940,1986,Graduation,Married,25252,1,2013-07-12,26,1,1,0,2,8,18
1272,1965,Master,Single,55250,1,2012-10-21,49,4,7,5,10,5,903
1388,1975,Graduation,Single,33249,1,2013-02-20,11,2,2,1,3,6,112
1044,1953,Graduation,Together,58398,0,2013-05-14,44,3,5,4,8,4,596
6969,1982,Graduation,Together,50272,1,2013-08-07,75,3,4,1,5,7,233
10479,1975,PhD,Married,76618,0,2012-12-07,64,1,3,2,5,1,1511
3619,1960,2n Cycle,Divorced,87305,0,2012-09-23,19,1,5,3,8,2,1152
1715,1978,Graduation,Together,25851,1,2013-02-11,45,2,2,0,3,7,48
10159,1970,Graduation,Divorced,58710,1,2013-03-31,77,6,11,5,9,6,1185
1463,1958,Graduation,Single,45160,2,2014-03-29,9,1,1,0,2,7,21
5114,1965,Master,Married,74806,1,2012-12-19,1,2,5,4,5,4,965
4990,1954,Graduation,Married,59111,0,2013-05-02,90,1,11,1,8,7,869
4329,1984,PhD,Married,18988,1,2014-05-23,43,2,1,0,3,7,16
10936,1965,Graduation,Married,72190,0,2013-02-13,79,1,5,6,4,3,1947
4692,1976,Graduation,Married,7500,1,2012-08-01,19,5,4,1,2,9,71
7212,1966,Graduation,Married,44794,1,2014-06-08,99,1,2,0,3,6,65
6086,1955,Graduation,Married,80395,0,2013-11-23,62,1,6,5,12,2,1380
437,1976,Master,Divorced,75012,0,2014-01-25,41,1,3,8,11,1,1027
11171,1965,Master,Married,56962,3,2013-10-11,60,7,6,3,5,7,411
11101,1991,Graduation,Together,89891,0,2013-04-15,17,1,11,6,8,4,836
5329,1949,PhD,Divorced,35946,2,2013-09-27,24,1,0,0,3,5,11
610,1953,PhD,Together,53593,2,2012-08-07,60,8,7,2,6,8,480
9384,1978,Graduation,Married,66373,2,2013-06-12,57,7,4,2,10,3,606
5956,1948,PhD,Divorced,45072,3,2013-10-16,74,5,6,1,4,8,284
10430,1973,Graduation,Divorced,89694,2,2013-10-09,22,3,4,3,4,5,1472
7875,1949,Graduation,Married,72025,0,2014-04-29,46,1,4,8,13,2,1677
7072,1973,Graduation,Married,67432,1,2013-03-29,69,2,8,5,4,4,1335
6255,1952,Master,Together,70545,1,2014-06-03,29,1,4,1,7,2,334
6516,1989,Basic,Married,17487,1,2013-03-18,37,1,1,0,2,7,18
5564,1969,Graduation,Together,62882,1,2012-08-09,26,2,7,5,6,4,1338
5682,1953,PhD,Single,64108,1,2013-03-23,8,4,6,9,11,5,1099
7458,1956,Master,Together,34941,2,2013-03-06,26,2,3,0,3,8,97
5237,1950,PhD,Single,48767,3,2014-01-01,79,3,2,1,3,5,63
7761,1978,2n Cycle,Together,38702,1,2013-08-01,71,2,3,0,4,6,109
5278,1964,Graduation,Married,82224,0,2014-01-25,83,1,6,9,5,3,902
3560,1952,Graduation,Together,83844,0,2013-05-12,57,1,4,4,11,1,1574
7235,1975,2n Cycle,Married,17003,1,2013-12-09,37,3,2,0,4,5,38
10548,1995,Graduation,Single,71163,0,2014-03-09,30,1,3,8,12,1,960
2281,1970,Graduation,Single,33697,1,2013-09-15,34,1,1,0,2,7,28
4073,1954,2n Cycle,Married,63564,0,2014-01-29,0,1,10,10,7,6,1215
6974,1972,PhD,Together,83443,0,2013-12-31,89,1,6,10,5,2,1497
7938,1958,PhD,Together,51518,1,2013-10-03,92,2,3,2,10,3,449
7094,1975,Graduation,Widow,58330,1,2013-12-25,87,1,6,4,13,4,1064
3667,1969,Graduation,Married,80952,0,2013-02-28,20,1,8,5,11,8,1757
7723,1979,Graduation,Together,75507,0,2014-05-02,56,1,8,6,6,3,1440
3870,1978,2n Cycle,Together,63855,0,2013-02-09,28,1,7,3,13,4,1006
4012,1972,PhD,Together,62220,1,2012-08-11,55,5,7,6,5,6,1226
5909,1964,Graduation,Married,58512,1,2013-09-19,25,5,3,4,8,8,1171
10470,1979,Master,Married,40662,1,2013-03-15,0,2,2,1,3,4,92
6488,1959,PhD,Married,38829,1,2014-04-06,86,1,3,2,2,5,99
10270,1981,2n Cycle,Married,35523,1,2013-10-03,8,2,3,0,3,7,66
6887,1967,Graduation,Single,79146,2,2014-04-24,33,2,8,1,8,6,564
6406,1988,Master,Married,78285,0,2013-10-28,13,1,6,4,10,3,1427
7573,1978,PhD,Single,31626,1,2013-05-10,12,1,2,1,2,7,86
4508,1952,Graduation,Single,75127,0,2014-05-22,92,1,2,11,5,1,833
221,1955,Graduation,Married,48726,1,2013-04-27,90,3,3,2,4,6,242
5331,1977,Graduation,Married,74985,0,2012-09-11,8,1,3,6,7,2,1869
1911,1987,Graduation,Together,67430,0,2012-09-05,6,1,11,5,12,6,1364
20,1965,2n Cycle,Married,46891,1,2013-09-01,91,1,2,1,4,4,183
8786,1956,Master,Married,62058,1,2013-05-26,52,4,6,1,7,6,450
10582,1979,Graduation,Married,72063,1,2013-07-03,3,2,5,2,12,2,758
1915,1951,PhD,Married,78939,0,2013-12-12,57,1,8,5,6,3,1507
8897,1965,Graduation,Single,42720,2,2013-04-24,9,8,7,3,7,8,654
2371,1972,Graduation,Married,33622,2,2013-04-13,22,3,2,0,4,7,81
4303,1957,PhD,Together,6835,1,2012-12-08,76,0,0,0,1,20,137
6825,1953,Graduation,Together,41452,2,2013-03-06,86,1,1,0,2,7,16
1072,1965,PhD,Single,40760,1,2013-08-30,64,2,2,1,3,6,93
4964,1958,PhD,Together,74250,0,2014-01-26,90,1,2,11,4,1,1158
2461,1955,Master,Single,51124,2,2013-12-18,79,2,1,0,3,3,43
10736,1971,Graduation,Single,72258,1,2013-09-12,28,2,6,9,5,2,1525
3194,1974,PhD,Single,71466,0,2014-04-05,86,1,4,4,10,1,1230
10839,1976,Graduation,Together,36283,2,2014-04-14,42,2,1,0,3,4,29
49,1970,Graduation,Single,20587,1,2014-05-11,39,1,1,1,2,7,25
4290,1972,Graduation,Married,30467,1,2014-03-19,8,1,1,0,2,7,24
10219,1972,Graduation,Together,31590,1,2013-06-18,40,1,1,0,3,8,38
4211,1986,Basic,Married,20425,1,2012-10-29,5,2,2,0,3,7,57
1135,1960,Master,Together,17144,2,2014-02-15,96,5,3,0,4,7,47
6299,1968,PhD,Divorced,42564,1,2013-01-02,28,6,6,8,4,7,813
10846,1978,Master,Married,43783,1,2014-05-29,22,6,7,1,8,7,629
347,1976,Graduation,Divorced,40780,1,2012-09-08,30,4,7,1,5,9,377
6543,1945,Master,Together,62847,0,2013-01-15,45,1,3,6,4,2,1612
10446,1957,PhD,Married,82017,0,2012-11-07,58,1,5,4,7,2,729
3479,1950,Graduation,Single,16813,0,2013-07-19,49,1,2,0,3,7,50
11075,1978,Graduation,Married,51267,2,2013-10-29,37,4,3,3,5,4,270
4442,1961,Graduation,Single,46524,1,2013-04-05,70,2,1,1,5,3,177
199,1962,Master,Single,45183,0,2013-01-20,33,1,4,1,7,7,315
6722,1954,PhD,Married,70421,1,2014-06-28,98,3,10,3,7,6,767
796,1965,2n Cycle,Divorced,60161,1,2012-10-23,17,3,11,4,8,8,1071
3749,1973,Graduation,Together,73926,0,2013-03-02,54,1,6,5,12,3,1580
8523,1968,Graduation,Married,19329,1,2013-12-14,39,3,4,0,3,8,60
310,1970,Master,Married,61872,1,2013-12-13,81,4,4,4,9,4,573
8629,1956,Graduation,Widow,46984,2,2013-03-26,71,1,1,0,3,5,41
236,1951,Graduation,Married,34838,2,2013-01-19,62,3,2,1,4,6,170
9930,1944,PhD,Single,82716,0,2013-11-05,8,1,6,8,13,2,1167
3483,1958,Graduation,Married,48192,0,2013-04-06,76,3,2,8,12,8,1526
4599,1976,Master,Married,49681,2,2013-11-04,66,6,7,1,7,7,458
7326,1971,Master,Married,56850,1,2014-03-23,83,1,1,1,3,2,63
7352,1957,Graduation,Married,55267,1,2013-10-21,28,4,3,4,6,3,405
2350,1972,Graduation,Married,59666,2,2013-03-22,87,7,3,2,8,8,1027
9145,1972,Graduation,Single,72504,1,2013-04-06,43,2,5,9,6,2,1478
2964,1981,Graduation,Married,26872,0,2013-10-16,0,1,1,1,2,6,72
5585,1972,Graduation,Single,21359,1,2013-04-20,1,2,2,0,3,8,48
9687,1975,Graduation,Single,73170,0,2014-05-31,1,1,5,4,6,2,726
3732,1955,Master,Married,52750,1,2013-02-04,72,6,5,7,9,4,860
6303,1986,PhD,Together,91820,0,2013-11-23,72,0,5,5,12,1,1497
11176,1970,PhD,Together,65968,1,2014-05-12,12,2,5,4,7,3,495
2986,1976,Graduation,Married,30772,2,2014-03-12,89,1,1,0,2,6,20
7462,1954,Graduation,Single,22507,0,2012-11-24,67,3,10,2,4,9,570
3900,1972,Graduation,Married,65685,1,2014-03-29,54,1,9,2,9,5,769
7034,1978,2n Cycle,Married,25804,1,2013-09-01,34,2,2,0,3,8,55
9493,1980,PhD,Single,76412,0,2013-05-05,15,1,5,4,8,3,1808
1143,1972,Graduation,Married,22063,1,2013-08-08,43,2,2,0,3,7,55
1,1961,Graduation,Single,57091,0,2014-06-15,0,1,7,3,7,5,577
3855,1963,Graduation,Married,22419,0,2013-04-18,74,1,3,2,2,8,162
5536,1959,Graduation,Together,87771,1,2013-05-22,61,1,5,10,4,6,1957
5989,1959,2n Cycle,Divorced,78353,1,2013-04-16,51,1,10,2,11,8,1576
9499,1954,Graduation,Married,93404,3,2013-05-07,97,3,3,4,7,5,1616
6768,1962,Graduation,Divorced,37859,3,2013-01-12,75,2,1,0,3,8,36
2150,1958,PhD,Widow,80995,1,2013-05-11,83,1,8,9,4,4,1482
6646,1984,Graduation,Together,16529,1,2014-03-01,23,1,1,0,3,6,22
4887,1976,PhD,Divorced,55412,2,2013-11-22,65,1,2,0,3,5,63
8560,1992,Graduation,Single,48789,0,2012-09-10,94,1,6,4,7,6,680
3321,1967,PhD,Together,56575,2,2013-05-05,42,3,7,3,7,5,542
11003,1980,2n Cycle,Together,25130,1,2013-10-02,10,2,2,0,3,7,50
10402,1967,Graduation,Married,35441,2,2013-02-14,94,2,1,0,3,8,39
9904,1956,Graduation,Married,71391,1,2013-03-29,50,5,6,5,12,3,1043
6141,1972,Master,Single,49494,1,2013-04-25,46,2,6,1,5,7,385
5687,1980,Graduation,Divorced,81702,0,2012-09-23,98,1,7,7,12,3,1633
10856,1980,2n Cycle,Single,45889,1,2013-07-02,42,1,1,0,3,6,46
5121,1977,Graduation,Single,56628,1,2014-03-21,30,2,7,6,5,5,761
4186,1950,Graduation,Together,34026,2,2013-08-05,11,3,2,1,3,5,76
368,1974,Graduation,Married,40049,1,2012-11-29,61,3,3,2,6,5,290
3312,1988,Graduation,Single,34176,1,2014-05-12,12,4,3,0,4,6,89
11121,1981,Graduation,Married,19419,1,2012-11-10,76,4,4,0,3,9,70
5332,1960,2n Cycle,Married,82504,0,2013-07-27,2,1,3,6,7,1,1066
5848,1970,Graduation,Together,81205,0,2014-01-13,43,1,5,6,7,2,2009
10343,1991,2n Cycle,Single,61618,0,2012-09-29,27,2,3,6,8,3,1345
5935,1956,Master,Single,55284,1,2012-12-24,60,3,7,5,8,5,764
2895,1963,Graduation,Single,49980,1,2013-10-23,79,2,3,1,5,5,195
10262,1980,Graduation,Married,15072,2,2013-05-10,96,4,3,1,3,5,53
7848,1974,Graduation,Single,49166,1,2013-06-13,17,2,5,3,3,6,368
9477,1954,PhD,Married,65324,1,2014-01-11,0,3,6,2,9,4,544
4856,1957,2n Cycle,Married,82347,0,2012-11-06,38,1,7,7,10,3,1853
7186,1966,PhD,Together,30843,2,2014-05-26,43,2,1,1,2,5,35
5794,1974,PhD,Married,46374,1,2014-03-17,1,3,7,1,7,8,446
1456,1979,Graduation,Single,60474,1,2013-04-01,25,7,10,2,12,7,1180
4877,1973,Master,Married,38576,1,2014-03-04,2,1,1,0,3,7,41
425,1985,Graduation,Married,55357,2,2013-02-19,66,3,6,2,11,5,727
3007,1966,Graduation,Together,37758,2,2012-10-04,49,2,1,0,3,8,40
1031,1989,2n Cycle,Married,85710,0,2013-05-05,5,1,6,9,10,2,1062
4297,1969,Graduation,Together,23228,1,2014-01-26,71,2,2,0,3,8,40
807,1969,Master,Together,44602,2,2014-02-15,35,6,6,1,4,8,292
9553,1987,Graduation,Married,7500,0,2013-01-09,94,1,0,0,3,6,15
4271,1989,2n Cycle,Together,38683,1,2012-10-04,80,6,4,1,6,7,341
4120,1975,2n Cycle,Single,49514,1,2013-12-17,61,2,6,1,4,7,369
2036,1973,PhD,Together,57906,1,2013-06-11,29,3,4,2,8,4,401
115,1966,Master,Single,43456,1,2013-03-26,0,3,5,1,8,5,393
4259,1986,Master,Single,19485,2,2013-09-24,80,1,1,0,2,7,10
8687,1978,Graduation,Together,53172,1,2013-05-06,54,3,2,3,8,3,486
2447,1979,Graduation,Together,30545,1,2012-10-17,71,2,2,0,3,7,69
10140,1983,PhD,Together,70123,0,2013-09-28,27,1,5,7,4,3,1727
9353,1959,Graduation,Single,62450,1,2014-01-06,61,2,5,5,4,3,995
3623,1976,Graduation,Together,21675,1,2014-06-11,55,3,4,0,3,7,45
738,1981,2n Cycle,Single,42395,2,2014-04-04,35,4,3,1,4,7,182
7631,1978,Master,Together,61346,1,2013-10-06,34,1,5,7,10,3,989
4789,1953,Graduation,Together,80812,0,2013-09-17,95,1,4,8,5,2,1677
773,1971,Master,Divorced,42835,2,2013-06-30,64,7,6,6,4,6,595
10602,1983,Graduation,Married,39922,1,2013-02-14,30,2,3,0,4,8,156
1446,1956,Master,Single,86424,0,2014-04-05,12,1,6,9,12,1,1226
3270,1978,2n Cycle,Together,17117,1,2013-01-17,96,4,3,1,3,9,128
8443,1972,Graduation,Single,24762,1,2014-02-10,16,3,3,1,2,8,86
9653,1975,Graduation,Married,35797,1,2012-10-16,16,2,2,0,3,8,68
8916,1975,Graduation,Divorced,36627,2,2013-07-23,78,1,0,0,3,5,16
8017,1981,2n Cycle,Married,51111,2,2014-06-19,83,2,2,0,3,6,55
5830,1972,PhD,Single,86857,0,2012-09-12,96,1,5,6,10,2,2114
4597,1970,PhD,Together,82072,0,2013-07-02,67,1,3,2,13,1,2018
7023,1953,PhD,Single,46231,3,2012-11-26,87,4,6,1,4,9,263
8086,1959,Graduation,Married,42243,2,2013-12-11,34,2,2,0,3,7,55
8825,1962,Graduation,Together,51195,2,2013-04-01,46,8,9,2,5,8,564
2930,1978,Master,Single,68092,0,2013-12-16,7,2,2,6,10,5,1281
1928,1973,Graduation,Married,31814,1,2013-02-09,73,2,2,0,3,9,83
7108,1965,Master,Widow,51390,2,2012-09-08,54,6,5,2,5,5,353
10925,1983,Graduation,Married,76630,0,2014-01-14,93,1,3,10,11,1,1003
9960,1991,Basic,Single,26868,1,2014-04-30,52,1,1,0,2,7,14
8800,1943,PhD,Divorced,48948,0,2013-02-01,53,2,7,10,5,6,902
9224,1972,PhD,Single,55260,1,2012-12-12,81,2,8,10,5,6,1139
5519,1956,Graduation,Together,64090,1,2013-08-07,8,1,6,9,4,5,797
5046,1958,Graduation,Divorced,78331,1,2014-01-23,97,2,10,6,7,4,1638
7037,1974,PhD,Married,37087,1,2013-08-11,50,3,4,2,8,6,401
905,1986,Graduation,Divorced,21846,1,2013-10-22,38,4,4,0,3,8,84
8624,1958,Graduation,Married,81320,0,2013-02-06,61,1,4,3,10,2,928
8945,1970,Graduation,Divorced,54137,1,2013-08-16,46,2,4,1,4,6,203
6445,1967,Graduation,Together,66825,0,2013-07-14,73,1,4,5,6,2,858
2727,1973,Graduation,Together,57100,0,2013-12-04,19,1,3,3,6,3,409
6404,1969,Graduation,Together,58917,3,2013-03-24,10,5,4,1,6,5,282
11074,1977,Graduation,Single,85072,0,2014-04-09,94,1,3,4,10,0,1423
10150,1961,Graduation,Single,86429,0,2013-11-21,10,0,7,4,7,2,1449
1968,1971,Graduation,Widow,45684,1,2013-12-02,37,1,1,0,2,7,28
6534,1974,Graduation,Together,47889,1,2014-01-04,94,1,2,0,3,5,67
9485,1986,PhD,Married,45921,0,2014-03-10,23,1,2,1,6,4,199
7053,1966,PhD,Single,78420,0,2013-06-29,75,1,3,10,8,1,1453
4654,1992,Graduation,Together,75114,0,2013-11-07,40,1,3,10,5,2,1253
9760,1963,PhD,Widow,52278,1,2013-01-25,24,6,10,5,10,8,1198
1048,1972,Master,Married,35641,1,2013-07-14,11,2,3,1,4,7,178
10619,1994,Graduation,Single,95529,0,2012-12-03,29,1,7,3,7,3,1990
9308,1954,Graduation,Married,62820,0,2013-05-11,51,1,3,4,6,1,976
10505,1960,Master,Together,73113,0,2013-12-26,86,1,3,4,7,2,1001
8362,1982,PhD,Married,84169,0,2013-08-07,9,1,7,6,6,3,1919
2625,1954,2n Cycle,Single,42607,1,2013-11-17,30,2,3,2,7,3,350
4637,1954,PhD,Single,74637,0,2013-05-18,73,1,6,9,9,3,1650
9972,1955,PhD,Together,46015,2,2014-04-13,25,1,1,0,3,7,46
4483,1993,Graduation,Single,72354,0,2013-04-17,67,1,2,10,6,1,1228
4487,1969,Master,Single,39858,1,2013-01-24,67,1,2,0,4,6,95
4988,1948,PhD,Married,34469,2,2014-05-04,58,3,1,1,4,4,62
8931,1986,Graduation,Together,83033,1,2014-05-18,82,1,11,4,10,5,1761
5871,1979,Master,Together,24401,0,2012-08-31,98,3,6,1,6,8,467
2008,1978,Graduation,Married,77583,0,2014-02-10,93,1,4,5,9,2,1149
3139,1982,2n Cycle,Single,74116,0,2013-12-30,53,1,4,4,10,2,2052
10037,1993,Graduation,Single,74293,0,2014-05-04,66,1,5,4,6,2,1127
10673,1976,PhD,Married,68397,1,2013-11-17,6,1,6,9,5,3,1416
5303,1974,PhD,Together,79632,0,2014-04-08,42,1,6,4,9,2,1113
538,1989,Graduation,Single,46107,1,2014-02-10,78,1,1,1,4,3,125
7922,1951,PhD,Single,64950,1,2012-08-12,29,2,11,2,10,7,966
5692,1989,Basic,Married,25443,1,2012-12-22,82,1,1,0,3,8,32
4843,1952,Graduation,Single,75127,0,2014-05-22,92,1,2,11,5,1,833
6383,1971,PhD,Together,32892,1,2014-05-25,78,2,3,0,3,8,46
1628,1971,Graduation,Together,71796,0,2013-10-24,54,1,9,3,4,4,960
1204,1970,PhD,Married,67536,1,2013-05-22,45,3,11,5,11,8,1829
3673,1971,Graduation,Single,55239,1,2013-07-14,59,3,7,5,11,5,779
760,1975,PhD,Divorced,60554,1,2013-08-09,8,2,8,4,9,6,811
8957,1952,2n Cycle,Single,64831,2,2013-06-10,51,8,6,3,5,6,1120
4128,1962,PhD,Together,56067,1,2013-07-20,51,2,7,4,7,5,725
6810,1983,Graduation,Divorced,82025,0,2013-05-28,76,1,3,2,6,1,1187
5386,1953,Graduation,Together,94384,0,2013-03-04,62,0,5,8,5,2,2302
8700,1986,Basic,Single,14906,0,2012-12-22,86,3,2,1,3,7,66
3202,1987,PhD,Married,51563,0,2012-10-01,60,1,4,4,10,8,1250
1328,1982,2n Cycle,Married,57937,1,2014-02-16,56,3,4,4,9,3,683
8405,1979,Graduation,Divorced,68274,2,2013-09-30,83,2,4,2,5,3,305
6515,1977,Graduation,Together,39771,1,2013-12-06,92,1,2,0,3,4,50
2882,1975,2n Cycle,Divorced,67893,1,2012-10-01,31,2,3,2,9,8,995
7574,1979,PhD,Together,27922,1,2014-05-10,80,1,2,0,3,4,41
6387,1976,PhD,Together,52190,2,2014-05-08,39,3,2,1,3,5,77
5320,1973,Master,Divorced,44051,2,2013-01-29,20,4,3,1,4,6,171
5048,1971,PhD,Single,42767,2,2013-05-11,53,1,3,1,2,8,131
8146,1976,Master,Together,46106,2,2014-05-11,84,1,1,1,2,6,54
10031,1976,PhD,Married,16927,2,2013-02-10,50,5,3,0,4,8,53
5748,1965,Graduation,Married,59754,1,2012-12-01,96,3,5,2,6,5,475
2134,1952,Graduation,Single,53700,1,2012-08-17,94,4,5,5,8,5,694
1523,1973,Graduation,Married,59041,2,2014-05-07,25,2,2,0,4,5,96
9665,1957,PhD,Divorced,54237,1,2013-04-27,48,4,5,2,5,6,361
4640,1967,Graduation,Divorced,70647,1,2012-09-21,65,2,4,7,13,2,1079
3635,1962,PhD,Single,52597,1,2014-05-07,69,3,6,3,8,5,578
3547,1969,Master,Together,41021,1,2012-12-30,12,2,2,0,3,6,64
2456,1975,PhD,Married,40233,1,2013-10-14,84,5,2,1,5,6,149
5633,1980,Graduation,Married,50183,2,2014-06-25,47,7,3,1,6,5,231
7801,1959,Graduation,Together,54753,1,2013-09-12,87,3,5,2,11,4,728
10489,1973,Graduation,Married,92955,0,2013-08-19,35,1,6,7,9,2,1778
7011,1973,Graduation,Married,33471,1,2012-10-12,47,3,3,0,4,7,93
2620,1974,PhD,Married,34596,1,2013-04-13,48,1,1,0,2,8,23
3933,1980,Graduation,Together,44010,1,2012-10-13,46,6,10,2,6,9,662
10981,1988,Graduation,Married,84219,0,2014-02-02,27,1,3,4,10,1,1198
1734,1968,PhD,Together,40706,3,2013-01-17,37,4,3,0,4,7,81
10995,1988,2n Cycle,Married,15716,1,2012-11-12,8,3,3,0,4,8,92
6357,1959,2n Cycle,Divorced,59052,1,2013-11-17,29,3,7,1,7,5,491
9209,1971,Master,Together,80573,0,2012-10-14,85,1,4,6,13,2,1564
10286,1962,Graduation,Married,83715,0,2014-02-03,2,1,2,8,13,0,926
2611,1959,Master,Together,82576,0,2012-08-01,66,1,2,4,12,1,1910
1600,1965,Master,Married,56962,3,2013-10-11,60,7,6,3,5,7,411
3308,1952,Graduation,Married,35704,2,2014-01-03,54,3,2,0,4,4,94
5407,1954,Graduation,Together,53103,1,2013-09-12,70,5,10,6,7,7,1085
2166,1960,2n Cycle,Widow,46779,2,2013-07-12,55,1,0,1,2,4,23
3955,1965,Graduation,Divorced,4861,0,2014-06-22,20,0,0,0,0,14,6
6634,1979,Master,Divorced,33462,1,2013-08-07,78,1,2,0,3,7,54
3056,1978,Graduation,Divorced,63693,1,2013-10-14,63,3,11,6,9,6,1150
5718,1950,Graduation,Married,80763,0,2013-08-15,17,1,5,11,6,3,1415
6872,1974,PhD,Married,65352,1,2013-08-21,43,2,4,2,8,4,405
8164,1978,PhD,Married,82170,0,2013-11-25,13,1,5,6,7,2,1908
4580,1969,Graduation,Married,75759,0,2013-10-25,46,1,9,7,9,5,2486
9305,1976,2n Cycle,Single,79689,0,2013-05-12,65,1,4,9,13,2,1315
453,1956,PhD,Widow,35340,2,2014-06-29,1,2,2,0,3,5,45
8545,1954,Graduation,Divorced,85683,0,2014-03-21,6,1,2,4,10,1,1789
9850,1972,2n Cycle,Married,24884,1,2012-11-29,32,1,0,0,3,7,19
7378,1981,Master,Together,42021,1,2012-08-31,34,5,10,1,6,9,573
7646,1989,Graduation,Single,64449,1,2014-02-18,70,4,5,3,12,4,805
1640,1954,Graduation,Divorced,64587,2,2014-06-22,49,2,1,1,4,3,108
5184,1995,Graduation,Single,34824,0,2014-03-26,65,1,1,0,2,6,23
8492,1978,Graduation,Together,75437,0,2013-11-09,25,1,8,4,10,6,1493
11188,1957,Graduation,Together,26091,2,2014-02-25,84,3,2,1,3,5,89
1212,1973,Graduation,Married,52845,1,2013-08-13,7,3,8,8,6,6,936
9097,1956,Graduation,Divorced,46086,1,2013-11-03,34,4,3,1,8,4,343
10473,1956,PhD,Widow,78028,1,2012-09-10,38,1,6,4,9,7,528
7962,1987,PhD,Single,95169,0,2013-10-09,1,1,4,3,4,1,1901
9984,1981,2n Cycle,Married,56337,2,2013-03-27,25,5,8,5,4,8,724
5527,1987,Graduation,Together,22434,1,2013-02-13,25,2,2,0,3,8,58
6374,1954,PhD,Married,36930,1,2013-05-17,50,5,5,2,4,8,297
7453,1954,Graduation,Single,36130,1,2013-02-02,46,6,3,8,4,4,488
8952,1953,Master,Married,65569,1,2012-11-05,96,2,6,5,10,3,859
241,1952,Graduation,Together,83844,0,2013-05-12,57,1,4,4,11,1,1574
8975,1968,Graduation,Married,19514,2,2014-01-26,47,4,3,1,2,8,69
6119,1963,PhD,Single,36736,2,2013-05-10,52,1,1,0,2,6,17
5236,1979,Graduation,Together,77568,1,2012-08-25,30,1,10,2,8,5,2194
5723,1976,PhD,Together,49187,1,2014-01-11,63,1,1,1,5,2,116
1710,1978,Graduation,Single,30168,1,2013-03-07,51,7,6,1,4,9,279
1970,1968,Master,Together,34053,1,2012-09-10,14,1,3,0,3,8,103
5313,1971,Master,Married,38196,2,2014-04-18,20,3,2,0,4,5,44
10634,1951,Master,Married,59412,0,2014-04-19,56,1,4,2,8,3,406
7010,1965,2n Cycle,Married,70924,0,2014-04-07,41,1,6,6,7,3,1363
8562,1969,Graduation,Together,54165,0,2013-05-28,72,1,2,1,7,2,236
3158,1973,Graduation,Married,32300,1,2013-01-03,1,1,1,0,3,8,39
4436,1976,Graduation,Single,20180,0,2013-02-20,27,1,2,1,4,7,137
5287,1973,Graduation,Married,34961,1,2014-06-19,77,3,3,1,3,7,79
2445,1974,PhD,Together,28440,1,2013-07-07,87,1,2,0,3,8,63
6059,1953,PhD,Together,64504,3,2013-03-04,81,7,11,3,4,7,1314
4550,1966,Master,Together,33564,1,2014-06-24,51,1,1,1,3,5,71
4240,1978,Graduation,Married,17345,1,2012-11-03,79,2,2,1,2,8,58
8911,1967,PhD,Married,56320,1,2013-04-08,11,3,5,4,9,4,702
3706,1978,Graduation,Single,28647,1,2013-08-21,54,1,2,2,2,7,94
3628,1987,Basic,Single,15038,1,2013-01-29,93,2,2,1,2,9,80
10175,1958,PhD,Divorced,32173,1,2013-08-01,0,1,1,0,3,4,22
8985,1964,2n Cycle,Together,68316,1,2012-11-04,54,5,10,7,10,6,1211
5204,1971,Graduation,Together,74538,0,2013-06-29,21,1,8,8,5,3,1461
9220,1971,Graduation,Single,91700,0,2013-01-17,58,1,8,6,5,3,1968
9888,1969,Graduation,Together,68695,0,2014-06-25,3,1,4,4,7,2,1091
5263,1977,2n Cycle,Married,31056,1,2013-01-22,99,1,1,0,3,8,55
1020,1973,Graduation,Married,79593,0,2014-05-12,70,1,5,6,7,2,1366
9503,1980,Graduation,Single,28071,0,2012-08-29,65,2,5,1,5,8,313
10613,1958,PhD,Together,37334,2,2014-02-26,44,4,3,0,4,4,62
67,1972,Master,Single,46423,2,2013-09-18,6,3,2,0,4,7,92
6019,1971,PhD,Married,37126,1,2014-03-30,9,1,1,2,2,6,72
5863,1953,Graduation,Married,47703,1,2013-05-29,95,4,6,3,8,5,655
3717,1959,Graduation,Married,61180,1,2014-04-23,70,2,5,5,6,3,704
6730,1954,Graduation,Married,38998,2,2012-11-03,92,3,2,0,3,8,54
10749,1991,Graduation,Single,8028,0,2012-09-18,62,15,0,1,0,19,178
4998,1962,Graduation,Together,76081,0,2014-05-23,85,1,4,5,4,2,1033
6287,1986,Graduation,Together,34728,1,2013-07-30,2,1,1,1,2,6,36
5985,1965,Master,Single,33168,1,2012-10-13,0,3,2,1,4,7,122
4754,1966,Master,Married,33585,1,2013-09-25,91,1,2,0,4,4,122
4002,1960,PhD,Married,77037,1,2013-10-13,3,1,7,7,12,3,1123
8870,1984,Graduation,Together,35196,1,2012-11-13,68,6,6,1,5,8,497
966,1966,Graduation,Married,44529,1,2013-07-05,98,6,6,2,11,5,691
4767,1965,2n Cycle,Married,70924,0,2014-04-07,41,1,6,6,7,3,1363
9725,1966,PhD,Together,28764,2,2014-06-05,16,1,1,0,2,8,12
4475,1949,PhD,Married,69098,0,2013-02-16,82,1,7,8,9,5,2440
5740,1970,2n Cycle,Divorced,25959,2,2013-02-14,1,2,1,2,2,6,56
5731,1983,Master,Married,27100,1,2013-04-05,64,1,1,0,3,7,37
7290,1985,Graduation,Single,70596,0,2012-10-05,68,1,3,5,12,2,968
3846,1974,Graduation,Married,42557,1,2012-08-29,98,4,6,1,4,8,270
8104,1951,PhD,Married,53312,0,2013-08-09,32,1,5,1,5,7,278
4507,1952,Graduation,Single,72228,0,2012-11-27,87,1,6,7,8,3,1250
11013,1987,Graduation,Together,67605,0,2013-03-31,84,1,2,8,6,1,938
4491,1949,Master,Married,62845,2,2012-10-01,3,11,3,4,10,8,1178
3759,1958,Graduation,Together,65196,2,2013-07-25,34,2,7,6,11,5,1155
1162,1987,PhD,Single,42000,0,2013-01-10,23,2,5,2,11,5,653
2055,1973,PhD,Divorced,35860,2,2014-05-19,37,2,1,1,2,5,49
10766,1964,PhD,Married,65526,1,2014-04-11,22,1,4,4,8,2,506
4415,1961,Graduation,Married,16860,2,2012-09-12,19,3,1,1,3,7,38
3005,1992,Graduation,Single,83528,0,2014-05-01,7,1,4,10,8,1,1650
2223,1965,2n Cycle,Divorced,64176,1,2012-08-03,52,8,8,9,8,6,1826
4817,1956,Graduation,Divorced,22304,0,2012-08-04,91,1,1,0,2,8,18
2875,1978,Graduation,Married,67023,0,2014-03-04,93,1,3,7,13,2,906
10536,1971,PhD,Together,32892,1,2014-05-25,78,2,3,0,3,8,46
11112,1966,Graduation,Together,70713,1,2012-12-03,23,6,5,6,8,3,1477
3807,1955,Graduation,Together,59925,1,2012-11-30,83,3,9,2,9,6,766
9197,1953,Graduation,Married,39722,1,2014-02-24,92,2,2,0,3,5,47
10832,1958,Graduation,Together,46610,0,2013-07-18,4,1,6,1,6,6,467
6421,1961,Graduation,Together,88347,0,2013-07-03,32,1,4,7,9,1,2116
4207,1981,PhD,Married,87171,0,2013-05-01,27,1,6,7,11,2,1298
577,1976,2n Cycle,Together,26907,2,2013-08-20,10,2,1,0,3,7,22
10855,1968,Master,Single,50014,1,2014-01-22,9,2,4,1,8,5,396
3081,1978,PhD,Married,41014,1,2013-04-22,65,1,1,0,2,7,20
3535,1965,Graduation,Single,66294,0,2014-03-17,68,1,4,3,5,2,967
247,1971,Graduation,Married,36715,1,2012-11-17,16,6,7,2,4,9,357
8707,1956,Graduation,Married,79456,0,2012-08-22,12,1,5,6,4,3,1401
9523,1982,Graduation,Together,40479,1,2013-08-17,95,1,0,0,3,4,15
6072,1970,Master,Single,75345,0,2013-02-02,16,1,5,8,6,3,2087
6295,1977,Graduation,Married,54233,1,2013-02-04,46,4,11,6,5,8,981
10914,1970,Graduation,Single,24163,2,2013-10-12,3,2,1,0,3,4,17
1509,1958,PhD,Together,84460,0,2013-01-04,80,0,9,9,4,5,523
5577,1983,Graduation,Together,43776,1,2014-05-03,77,1,1,0,2,6,23
7348,1958,PhD,Single,71691,0,2014-03-17,0,1,4,7,5,2,1192
1127,1973,PhD,Married,85844,0,2014-05-29,62,1,6,6,7,2,1958
1833,1974,PhD,Single,39190,1,2014-04-26,91,2,2,1,4,5,133
4944,1959,Graduation,Together,71367,0,2013-08-23,24,1,4,5,7,2,777
9080,1972,PhD,Single,38578,2,2013-06-22,2,3,3,0,3,8,73
6466,1965,PhD,Married,57236,2,2014-03-12,22,3,2,1,4,3,121
9964,1979,Graduation,Single,61825,1,2013-08-07,56,1,4,2,8,4,424
4790,1958,Graduation,Divorced,79803,1,2014-06-02,54,1,4,3,5,1,868
10245,1986,2n Cycle,Single,80910,0,2012-10-31,71,1,3,3,8,1,756
1109,1982,Master,Together,27590,1,2013-04-23,38,1,1,0,2,7,12
6001,1979,Graduation,Married,56775,1,2013-01-02,62,2,5,8,10,5,937
5538,1975,Graduation,Divorced,83829,0,2013-10-08,78,0,4,7,6,1,1862
10552,1979,2n Cycle,Married,54210,1,2013-05-20,18,2,4,1,7,5,367
1545,1986,Graduation,Married,38508,1,2013-08-02,95,6,7,2,5,8,443
7409,1970,Graduation,Together,53187,1,2013-10-26,66,2,4,1,6,5,267
4444,1972,Graduation,Married,30023,1,2014-03-24,28,1,2,0,3,8,61
146,1960,PhD,Single,76045,0,2013-11-15,78,1,4,5,11,2,1323
6271,1952,PhD,Married,50870,1,2014-06-19,13,1,2,0,3,5,63
10065,1970,2n Cycle,Married,15315,0,2013-08-03,27,2,2,0,4,5,64
4741,1974,2n Cycle,Married,65463,1,2014-01-30,17,2,6,2,9,5,562
246,1965,Graduation,Married,66480,2,2014-05-31,71,7,4,1,7,4,312
375,1954,Graduation,Divorced,76773,0,2013-02-25,79,1,2,2,11,1,1156
1524,1983,2n Cycle,Single,81698,0,2013-03-01,1,1,8,2,5,5,1104
10022,1973,PhD,Single,54466,2,2014-02-09,78,1,1,0,2,5,16
7451,1960,Master,Single,98777,0,2014-02-17,23,0,4,6,9,1,2008
11010,1984,PhD,Single,16269,1,2013-08-30,75,3,3,0,3,8,44
4356,1971,Graduation,Together,71819,1,2013-08-28,70,3,3,3,5,6,1574
3885,1983,PhD,Married,33569,1,2013-10-16,10,1,1,1,2,8,63
1175,1983,Master,Married,36262,0,2013-09-20,24,1,3,5,3,6,426
880,1966,Basic,Together,22634,0,2013-01-16,47,1,2,1,2,8,96
2320,1978,2n Cycle,Married,47025,1,2013-09-12,98,5,11,1,6,9,635
850,1968,Graduation,Single,70566,1,2013-10-06,4,2,6,5,9,3,757
4713,1979,PhD,Married,31605,1,2012-11-22,15,2,2,1,4,7,125
675,1973,Master,Divorced,52034,2,2013-05-17,67,5,4,2,5,7,332
5025,1979,Graduation,Single,48526,1,2013-12-24,32,1,2,1,4,3,135
2308,1954,Graduation,Married,46734,1,2012-11-18,40,2,6,1,5,7,330
5995,1962,Graduation,Divorced,39552,2,2012-12-18,54,7,6,2,5,8,384
6749,1966,Graduation,Single,86358,2,2012-08-08,78,4,5,3,6,8,1722
1010,1977,Graduation,Together,46931,3,2014-04-24,94,2,1,1,3,3,78
8977,1985,Basic,Single,16581,0,2013-01-12,51,1,0,0,3,4,24
4756,1952,2n Cycle,Divorced,63998,0,2013-12-20,42,1,7,6,11,4,1168
3412,1951,Master,Married,67381,1,2013-01-15,67,4,2,2,9,7,957
606,1967,Graduation,Single,25930,2,2013-10-10,87,1,1,0,2,7,15
5961,1978,Graduation,Married,42693,1,2014-06-07,29,1,1,0,3,5,57
2975,1976,Graduation,Together,85606,1,2012-11-12,89,2,6,7,9,3,1956
2894,1985,Graduation,Single,72903,0,2013-10-29,74,1,7,5,8,4,2013
7613,1974,2n Cycle,Together,49669,1,2014-05-24,97,2,5,1,6,6,326
10542,1968,PhD,Married,36778,2,2012-08-05,63,3,3,0,3,9,77
8015,1962,PhD,Divorced,85696,0,2013-05-03,88,1,4,6,9,1,1313
10617,1989,Master,Divorced,10979,0,2014-05-22,34,2,3,0,3,5,30
11166,1961,Graduation,Married,49678,1,2013-02-02,81,2,6,2,4,7,315
849,1953,Master,Together,56129,1,2013-06-20,65,4,6,2,10,4,660
523,1989,Graduation,Married,37155,1,2013-01-31,51,1,2,0,4,5,74
4066,1978,2n Cycle,Divorced,21282,1,2014-05-11,76,2,2,1,2,6,46
8414,1962,PhD,Single,33419,1,2013-08-17,76,2,2,0,4,7,86
819,1945,Graduation,Widow,63285,0,2013-11-05,84,1,6,5,13,3,1103
4961,1974,Master,Together,21255,1,2014-01-21,56,4,2,1,4,4,61
749,1981,Graduation,Together,42162,1,2013-11-19,31,2,3,1,3,6,145
5430,1956,Graduation,Together,54450,2,2012-09-14,0,12,9,2,8,8,684
7755,1954,PhD,Married,57744,1,2013-11-12,91,2,9,1,4,8,411
10525,1986,Graduation,Single,26576,1,2012-10-13,40,1,1,0,2,9,27
1453,1943,PhD,Widow,57513,0,2013-07-06,59,2,9,3,13,6,1060
8310,1964,Graduation,Together,68142,1,2012-08-29,96,3,10,4,7,6,1459
10710,1979,Graduation,Married,7500,1,2012-08-29,61,1,1,0,2,8,18
5031,1974,Graduation,Together,83145,0,2012-09-22,14,1,5,9,11,2,1833
2613,1960,Master,Married,54197,1,2014-04-03,16,2,1,3,6,1,237
213,1963,PhD,Single,23091,2,2014-05-28,98,4,2,1,3,7,48
967,1976,Graduation,Married,46049,2,2013-07-21,11,10,5,2,9,7,515
1077,1974,Graduation,Together,56715,0,2012-12-05,52,1,7,3,4,4,1020
7959,1961,Graduation,Married,79410,0,2014-05-29,19,1,3,2,5,1,1370
640,1951,Graduation,Married,57304,1,2013-03-11,61,2,7,6,10,5,1026
4252,1965,Graduation,Married,44375,1,2014-03-23,73,1,4,1,6,5,301
8432,1956,Graduation,Together,54450,2,2012-09-14,0,12,9,2,8,8,684
6218,1965,Graduation,Married,59594,1,2012-10-20,74,1,8,1,7,7,499
6905,1994,Graduation,Together,80685,0,2012-08-22,55,1,6,4,10,2,1004
5922,1974,PhD,Married,40344,1,2013-10-13,48,2,4,1,5,7,218
3598,1972,Graduation,Married,62710,1,2013-05-23,53,4,4,2,12,4,606
6116,1968,2n Cycle,Married,48985,1,2013-07-05,13,1,1,1,3,3,75
6263,1968,Graduation,Together,35322,3,2012-08-22,34,3,2,0,4,8,106
10486,1948,Graduation,Married,77142,0,2013-05-29,54,1,4,4,8,2,990
2410,1969,Graduation,Single,81657,0,2014-01-22,69,1,3,4,8,1,1097
193,1996,Basic,Married,14421,0,2014-02-17,81,1,1,0,2,5,16
3363,1974,2n Cycle,Married,20130,0,2014-03-17,99,1,1,0,3,8,34
8278,1990,PhD,Married,74214,0,2012-08-26,3,1,8,2,5,5,1711
10660,1957,Master,Married,66726,2,2014-01-12,61,3,8,2,4,7,438
8686,1979,Basic,Together,23724,1,2013-01-08,65,2,2,0,3,8,75
1604,1960,Master,Married,47353,1,2013-11-13,93,3,2,2,6,5,225
5907,1952,Master,Married,33444,2,2012-11-03,24,1,1,0,2,8,18
10669,1981,Graduation,Married,54386,1,2013-05-17,8,2,3,2,10,3,470
2918,1981,Graduation,Divorced,28510,2,2013-04-13,72,3,2,0,4,5,91
5735,1991,Master,Single,90638,0,2014-02-13,29,1,3,4,10,1,2525
359,1950,Graduation,Together,48070,1,2013-01-13,33,3,8,2,6,7,504
8387,1957,Graduation,Married,43140,1,2013-01-05,68,1,4,1,5,6,235
1829,1961,PhD,Divorced,54959,1,2013-01-19,55,3,9,5,4,7,1232
3839,1958,Basic,Single,15056,2,2013-05-03,76,5,2,2,3,5,88
9392,1971,Graduation,Single,26954,1,2014-05-08,17,1,1,0,2,7,17
2292,1985,Graduation,Single,22327,1,2013-08-02,94,1,1,0,3,5,24
10466,1965,Graduation,Married,44393,2,2013-08-22,86,2,1,0,4,4,60
9855,1952,PhD,Single,62000,1,2013-08-25,25,1,6,6,13,4,1020
4088,1962,PhD,Together,31497,1,2012-12-06,22,2,3,1,4,8,155
5231,1974,2n Cycle,Married,45894,2,2014-02-27,15,1,1,0,3,5,51
590,1970,Master,Divorced,78579,0,2012-12-22,35,1,5,6,4,3,1812
8732,1969,Master,Widow,67369,1,2012-11-17,81,4,7,4,10,4,1461
2315,1960,Graduation,Divorced,58401,1,2014-04-20,55,1,1,2,2,4,96
3515,1952,Graduation,Single,62307,1,2014-02-17,94,1,4,0,4,5,160
2245,1969,Master,Married,43641,2,2013-04-22,50,3,2,1,4,6,139
6283,1968,Master,Divorced,63841,1,2013-04-21,64,1,9,3,9,6,908
2246,1965,2n Cycle,Married,46891,1,2013-09-01,91,1,2,1,4,4,183
6606,1969,Master,Married,70091,1,2013-03-31,11,2,5,2,10,8,1161
5545,1972,PhD,Married,78075,0,2014-04-05,72,1,3,5,5,1,988
7342,1961,2n Cycle,Widow,59184,1,2012-09-09,6,3,6,6,12,5,1072
837,1977,Graduation,Married,54809,2,2013-09-11,0,4,2,1,5,4,174
9500,1959,Graduation,Married,58113,1,2013-01-25,66,3,9,2,8,7,758
3602,1958,Master,Married,51412,1,2013-12-31,42,2,3,2,4,4,195
234,1979,Graduation,Divorced,15287,1,2012-10-10,60,2,1,1,2,7,31
2995,1957,Master,Together,66636,0,2013-08-17,64,1,3,4,9,1,1084
1118,1956,Master,Married,50965,1,2013-02-20,87,3,10,4,5,8,685
7789,1965,PhD,Married,84618,0,2013-11-22,96,1,6,9,10,2,1672
3068,1990,Graduation,Married,18351,0,2013-10-29,1,1,2,0,3,7,43
8955,1957,PhD,Together,40451,2,2014-02-16,54,1,1,1,2,5,49
945,1965,Graduation,Together,36317,1,2013-05-22,53,2,3,0,4,7,133
5644,1957,Graduation,Together,42213,1,2013-10-12,96,2,5,1,7,7,363
7192,1955,Graduation,Together,65748,1,2013-04-15,58,2,2,4,10,1,545
2324,1972,Graduation,Together,77044,1,2013-10-27,12,2,7,11,11,4,1065
697,1969,Graduation,Together,74918,0,2013-03-12,78,1,5,9,6,3,2047
3439,1972,Graduation,Married,56721,2,2012-10-31,64,5,4,1,5,6,296
1506,1975,Graduation,Single,42160,2,2013-06-28,26,4,2,1,4,6,140
232,1965,Graduation,Single,61559,1,2013-07-17,8,1,4,2,10,3,530
8876,1963,PhD,Together,33629,2,2012-08-08,49,5,3,1,4,9,152
4500,1991,PhD,Together,68682,0,2013-10-06,56,1,4,9,10,2,1598
9739,1963,Graduation,Single,34377,1,2013-01-19,55,2,2,2,2,7,114
10395,1986,Basic,Single,8940,1,2012-08-22,25,3,3,1,3,8,101
1176,1973,Graduation,Married,26228,1,2013-09-22,50,1,1,0,2,8,25
1627,1957,2n Cycle,Divorced,77297,0,2013-01-26,84,1,5,7,9,4,789
938,1981,Graduation,Married,40211,2,2013-07-30,30,2,2,1,2,8,87
2740,1958,PhD,Widow,33438,2,2013-09-22,81,4,2,1,4,5,90
257,1959,PhD,Married,75032,1,2013-04-28,74,2,5,4,9,3,1215
4058,1955,PhD,Single,61284,0,2013-10-12,76,1,11,2,8,6,811
7736,1986,Graduation,Married,22518,1,2012-10-22,36,2,2,1,2,5,61
8210,1975,Master,Married,54730,1,2013-08-15,64,5,4,1,8,4,405
833,1955,Master,Married,38452,2,2014-03-30,62,3,3,0,3,7,72
6230,1971,Graduation,Divorced,44421,2,2013-02-15,53,5,5,0,4,8,189
7325,1986,PhD,Together,38197,1,2013-06-29,86,1,1,0,3,5,40
1307,1978,Graduation,Divorced,41986,1,2014-02-09,15,3,3,0,4,4,63
1502,1983,Graduation,Together,28427,1,2013-03-21,67,2,2,0,3,8,52
6211,1976,PhD,Together,37395,1,2014-05-02,47,1,1,0,3,6,39
843,1971,Graduation,Married,64722,1,2014-05-26,47,4,8,2,11,6,805
4174,1956,Master,Together,55249,1,2014-04-17,81,1,2,1,4,3,130
9757,1972,Graduation,Together,84906,0,2013-10-04,98,1,5,6,12,2,1631
6918,1989,Graduation,Married,28691,1,2013-07-04,56,1,1,0,3,8,34
286,1952,Graduation,Single,44213,2,2013-11-29,48,4,2,1,5,6,152
11086,1984,Basic,Single,25707,1,2014-01-18,18,1,1,0,3,7,21
1921,1967,PhD,Married,59062,3,2013-10-03,74,2,2,0,3,4,71
4138,1962,Graduation,Single,76624,1,2014-05-24,68,1,5,10,7,1,899
7718,1947,Master,Together,66000,0,2014-04-20,36,1,1,3,5,1,711
1291,1978,PhD,Together,27683,1,2012-08-04,90,4,6,2,4,8,351
6862,1971,Graduation,Divorced,1730,0,2014-05-18,65,15,0,0,0,20,8
4136,1992,Basic,Single,7500,1,2012-12-03,63,4,3,2,2,9,119
803,1968,Graduation,Together,40521,2,2013-04-05,82,1,0,1,2,5,21
4298,1973,PhD,Together,20427,1,2014-03-24,63,1,1,0,2,8,10
10833,1975,Graduation,Married,65106,1,2014-05-24,55,3,8,3,13,6,973
9606,1965,PhD,Married,69969,0,2013-08-27,64,1,4,2,6,3,1536
8534,1952,Graduation,Married,67433,2,2013-07-16,51,4,6,5,13,4,992
5153,1967,PhD,Married,77766,1,2013-02-22,97,2,11,10,11,6,1529
961,1972,Graduation,Married,74716,1,2013-09-12,92,2,7,3,5,4,860
5011,1963,Graduation,Divorced,68118,1,2013-10-18,51,2,8,9,4,6,928
6653,1970,PhD,Married,55158,2,2012-07-30,72,4,7,2,5,7,418
9094,1955,2n Cycle,Married,62972,1,2012-08-03,39,2,7,4,3,6,587
810,1975,Graduation,Married,74190,1,2014-05-12,49,2,4,2,11,2,641
5493,1976,Graduation,Married,39356,2,2014-03-19,21,1,1,0,2,6,23
2147,1969,Graduation,Together,76653,0,2013-08-16,91,1,4,7,11,2,2279
5107,1973,PhD,Divorced,35860,2,2014-05-19,37,2,1,1,2,5,49
3979,1983,PhD,Divorced,90687,0,2013-05-22,98,1,6,2,8,2,1779
6049,1982,Master,Together,73450,0,2013-12-05,85,1,7,8,11,3,1804
8147,1960,Graduation,Married,31454,2,2013-07-06,40,3,2,0,3,8,48
1857,1952,Graduation,Single,47139,2,2014-03-06,2,2,2,1,2,7,83
3910,1975,Graduation,Divorced,83829,0,2013-10-08,78,0,4,7,6,1,1862
5207,1963,PhD,Married,53378,2,2012-09-24,41,10,9,4,6,8,793
11114,1970,Graduation,Together,19656,1,2013-02-08,94,3,2,1,3,7,84
5429,1948,PhD,Married,45579,1,2013-08-20,10,1,4,1,4,6,183
9400,1958,2n Cycle,Single,85485,0,2014-06-21,73,1,6,6,6,2,1383
1740,1944,Graduation,Married,55956,0,2014-04-07,22,2,7,3,4,4,999
7488,1963,Master,Single,64191,1,2013-01-22,30,3,5,3,13,3,825
195,1972,Graduation,Single,38808,1,2012-08-26,21,4,5,1,4,8,246
635,1966,Master,Married,57183,2,2013-03-19,51,8,9,1,7,8,610
7527,1968,Master,Divorced,23748,1,2012-11-21,97,3,2,1,3,8,76
10319,1971,Graduation,Married,66303,1,2013-02-26,56,4,3,4,11,8,1286
2296,1975,Master,Married,37368,1,2013-12-16,4,1,1,0,2,6,30
10637,1964,Graduation,Married,40800,3,2013-01-01,77,2,3,0,3,7,99
2931,1978,Graduation,Divorced,71847,0,2012-09-21,95,0,6,7,9,3,1192
907,1975,Graduation,Married,46149,1,2013-11-29,36,5,5,1,7,5,362
3698,1983,Graduation,Together,78687,0,2012-08-09,13,1,4,6,8,2,2130
9516,1971,2n Cycle,Divorced,49118,0,2012-08-18,90,2,9,7,10,7,1229
679,1957,PhD,Married,37633,2,2012-09-20,49,2,1,0,3,9,38
7384,1951,Master,Together,39767,0,2013-07-21,18,2,7,1,7,8,485
5043,1951,Basic,Married,26997,0,2012-11-05,89,2,4,2,5,7,434
5267,1970,Graduation,Divorced,33986,1,2013-03-14,43,1,1,0,3,7,44
339,1972,PhD,Married,57091,1,2012-11-23,82,2,9,2,5,7,496
2516,1969,2n Cycle,Married,46831,2,2013-06-08,84,2,1,2,2,4,78
9010,1972,Master,Married,83151,0,2013-02-10,80,1,5,7,10,2,2346
378,1971,Graduation,Married,52531,0,2012-12-30,68,2,7,2,10,6,794
4808,1956,Graduation,Married,15759,0,2013-09-05,12,1,1,0,2,7,17
5068,1971,Graduation,Single,22804,1,2013-07-31,75,1,2,0,2,9,26
7628,1973,2n Cycle,Married,43050,1,2014-03-18,10,2,2,0,4,5,76
7128,1977,PhD,Single,42997,2,2013-12-07,91,1,1,0,2,7,15
2811,1963,PhD,Single,48918,2,2014-04-12,21,2,1,0,4,4,62
3551,1954,Master,Together,60033,1,2014-03-29,28,2,2,1,5,2,198
1663,1978,PhD,Together,34043,1,2013-10-25,97,1,2,0,2,9,49
5543,1966,Graduation,Together,57811,1,2013-06-24,49,5,7,2,11,5,802
1577,1946,Graduation,Married,78569,0,2014-02-19,14,1,4,6,4,1,1736
10641,1978,Graduation,Single,7500,2,2012-12-27,5,4,2,1,3,6,57
5336,1971,Master,Together,157733,1,2013-06-04,37,0,1,0,1,1,59
6024,1953,Graduation,Together,94384,0,2013-03-04,62,0,5,8,5,2,2302
1878,1985,2n Cycle,Married,23148,0,2014-02-18,83,1,2,0,3,7,37
3099,1970,Graduation,Divorced,44267,2,2013-02-25,48,5,5,2,4,9,310
6055,1979,Graduation,Married,71626,0,2012-11-01,94,1,5,5,8,3,1305
5841,1966,Graduation,Together,60894,1,2013-06-28,61,5,10,3,8,7,832
3972,1976,Graduation,Together,50200,2,2013-04-03,70,6,7,1,5,8,401
4394,1965,PhD,Married,81051,0,2014-05-23,43,1,5,5,12,2,1501
5758,1982,Graduation,Married,65169,0,2014-01-14,23,1,10,4,13,6,1189
6658,1972,Graduation,Together,59868,1,2013-07-22,37,7,11,2,12,6,1194
4603,1960,PhD,Married,65695,1,2014-01-31,50,2,5,4,10,4,656
8427,1956,Master,Single,64857,0,2012-11-23,78,1,7,5,10,4,1540
10260,1965,Master,Together,45143,1,2013-08-26,74,3,6,1,5,7,311
7143,1955,2n Cycle,Together,74805,1,2013-11-06,14,5,4,7,10,2,820
8789,1989,2n Cycle,Married,59060,1,2014-01-11,77,3,3,1,7,4,274
6197,1962,PhD,Single,27238,2,2013-04-20,39,3,3,0,3,9,57
4554,1965,Graduation,Together,47009,1,2013-10-01,89,4,3,2,8,4,448
4937,1973,2n Cycle,Married,46094,2,2014-06-10,62,1,1,0,3,7,44
1920,1972,Graduation,Married,40321,2,2013-07-29,59,2,3,0,3,7,102
8749,1984,Graduation,Together,37235,1,2014-02-01,68,1,1,1,2,4,61
1650,1960,Master,Married,81843,0,2013-04-22,13,1,5,9,12,3,1643
10377,1958,Master,Together,46692,1,2013-06-06,37,3,6,1,5,6,397
9206,1968,Graduation,Together,77382,1,2014-01-07,36,2,5,7,12,1,1121
10971,1977,Graduation,Single,37774,2,2012-09-03,28,4,7,2,3,9,473
6398,1974,Basic,Married,18393,1,2014-03-29,2,2,3,0,3,8,50
9212,1962,Master,Married,72828,1,2013-02-14,17,6,6,3,13,7,1678
7937,1982,Graduation,Married,24711,0,2014-04-18,86,1,3,0,3,7,58
839,1975,PhD,Married,45503,1,2013-09-25,54,1,3,1,4,5,170
4246,1982,Master,Single,6560,0,2013-12-12,2,0,1,0,1,17,373
158,1945,PhD,Together,71604,0,2013-11-17,3,1,8,3,5,4,1196
4832,1979,Graduation,Married,27244,1,2014-03-07,84,2,2,2,2,7,101
5621,1969,Graduation,Married,48752,2,2012-12-12,8,5,6,1,5,9,316
1945,1962,Graduation,Married,71434,1,2013-09-18,4,3,7,4,7,4,1400
5147,1948,Graduation,Single,90842,0,2013-07-29,57,1,4,9,13,1,1424
2535,1978,Master,Married,88097,1,2012-08-18,24,1,6,5,8,9,844
11039,1975,Graduation,Married,51948,1,2013-09-17,51,2,5,2,4,5,311
9495,1982,Graduation,Together,71853,0,2013-05-08,29,1,2,8,6,1,1149
9635,1983,Master,Married,35876,0,2014-04-20,13,1,3,1,3,6,129
2173,1952,Graduation,Widow,40049,1,2013-10-16,23,1,1,0,3,6,32
942,1982,Graduation,Single,39660,1,2012-08-08,36,3,7,1,3,9,299
9386,1962,Graduation,Together,50127,1,2014-05-29,88,1,5,1,6,6,320
5510,1977,Master,Married,43263,1,2012-11-21,2,3,5,2,6,5,441
873,1949,Master,Married,62845,2,2012-10-01,3,11,3,4,10,8,1178
2253,1990,Graduation,Married,18929,0,2013-02-16,15,1,1,0,4,6,85
5181,1982,Basic,Single,24367,1,2013-03-20,58,1,1,0,2,9,24
979,1975,Graduation,Single,33249,1,2013-02-20,11,2,2,1,3,6,112
10390,1959,2n Cycle,Married,26887,1,2013-02-10,27,1,1,0,3,6,30
4698,1983,PhD,Married,50150,0,2013-06-20,32,2,5,2,7,5,410
7793,1976,Graduation,Together,62061,1,2013-08-31,12,3,10,4,7,6,800
1745,1962,PhD,Divorced,85696,0,2013-05-03,88,1,4,6,9,1,1313
10590,1956,PhD,Together,76542,0,2013-03-30,91,1,4,8,10,2,1483
5080,1993,Graduation,Single,70515,0,2013-10-21,12,1,6,6,4,2,1258
8369,1987,Graduation,Together,18227,1,2012-11-08,21,1,0,1,2,8,28
5232,1965,Graduation,Married,69139,1,2014-01-27,23,1,4,1,5,4,227
2407,1982,Graduation,Married,69109,0,2012-11-09,10,1,6,6,7,4,1555
3834,1962,Graduation,Single,69627,1,2013-03-17,35,2,8,2,11,5,861
7912,1978,Graduation,Married,38136,1,2013-04-22,69,2,3,1,2,8,103
7712,1946,PhD,Single,62159,0,2014-04-28,68,1,6,2,10,4,634
1065,1963,Graduation,Single,80695,0,2013-12-29,85,1,5,8,5,2,1918
7275,1971,Master,Single,33316,2,2013-10-04,34,3,2,1,4,6,131
1343,1968,Graduation,Together,58554,2,2012-09-26,55,6,8,2,6,7,586
1384,1992,Basic,Married,17256,1,2013-11-23,10,2,2,1,2,8,62
9967,1974,Graduation,Divorced,53034,2,2013-05-30,30,8,6,1,7,8,447
6181,1950,2n Cycle,Together,52203,0,2012-07-31,36,1,8,7,11,6,939
10507,1977,2n Cycle,Divorced,59601,1,2013-07-25,14,4,2,2,7,8,797
2674,1958,Master,Single,75154,1,2012-09-04,79,1,6,3,6,3,1143
2698,1976,Graduation,Single,47025,1,2013-11-07,52,3,6,3,5,6,415
3231,1973,Graduation,Married,37971,1,2013-11-25,97,1,1,0,3,8,30
4096,1968,Master,Divorced,41335,1,2013-12-26,24,3,4,1,4,7,187
10476,1958,Graduation,Married,67267,1,2014-05-13,0,1,3,2,5,2,251
5948,1975,Graduation,Single,57338,1,2014-04-29,96,2,4,1,5,5,237
9140,1960,2n Cycle,Together,50523,2,2013-12-25,89,2,2,0,4,6,91
10258,1965,Master,Single,35791,3,2013-05-06,94,2,1,0,3,8,35
5675,1960,PhD,Divorced,50611,1,2012-10-04,98,6,4,5,7,6,493
4743,1969,PhD,Married,56242,1,2013-03-03,72,5,8,4,11,6,971
8805,1960,Graduation,Single,48904,1,2012-12-02,1,4,7,2,4,8,371
1542,1975,Graduation,Single,56243,3,2013-12-30,26,6,4,2,8,5,396
6770,1985,Graduation,Married,21355,1,2013-08-20,5,2,2,1,2,6,68
8773,1971,Master,Together,57420,1,2013-06-25,22,3,5,1,6,7,322
10475,1970,Master,Together,51381,1,2013-04-01,39,2,4,2,6,5,317
10420,1955,Master,Divorced,46390,1,2014-05-05,56,1,4,2,3,7,222
7514,1956,2n Cycle,Together,54342,2,2013-07-03,74,4,3,1,4,6,177
2902,1958,Graduation,Together,51381,2,2012-09-03,87,1,1,0,3,5,45
4345,1964,2n Cycle,Single,51381,2,2014-01-12,49,1,1,0,2,7,21
793,1973,Graduation,Married,20895,1,2012-10-06,24,1,2,0,3,9,45
10909,1948,Graduation,Married,92344,0,2014-01-15,9,0,5,10,5,1,1899
3769,1972,PhD,Together,51381,1,2014-03-02,17,1,1,0,3,7,42
8702,1976,2n Cycle,Together,26907,2,2013-08-20,10,2,1,0,3,7,22
4791,1980,Graduation,Together,44964,2,2012-12-16,35,1,1,0,3,8,41
2963,1979,Graduation,Together,75507,0,2014-05-02,56,1,8,6,6,3,1440
8216,1972,Master,Married,53761,2,2013-10-11,7,6,4,4,3,5,325
8140,1973,Graduation,Together,22682,1,2013-10-03,51,3,2,1,4,4,95
10146,1972,PhD,Together,38887,1,2014-03-02,17,1,1,0,3,7,42
5289,1975,2n Cycle,Single,41658,2,2012-11-09,30,2,1,1,2,4,72
2587,1972,PhD,Married,29791,1,2014-05-15,21,2,2,0,3,5,20
4405,1956,Master,Married,63915,2,2013-07-30,2,2,6,3,12,5,789
8663,1974,Graduation,Divorced,39996,2,2014-05-22,85,1,1,0,2,6,15
2589,1972,Graduation,Divorced,26759,1,2014-02-07,65,2,2,1,3,6,59
3421,1968,Master,Divorced,63841,1,2013-04-21,64,1,9,3,9,6,908
10490,1969,PhD,Married,51039,2,2012-12-10,11,2,6,2,4,7,417
4094,1961,Graduation,Married,60544,2,2012-08-25,92,4,5,1,5,6,289
9958,1972,Graduation,Married,65685,1,2014-03-29,54,1,9,2,9,5,769
2534,1953,Graduation,Married,37716,1,2014-04-21,4,2,4,1,3,7,188
4188,1957,Graduation,Single,36864,1,2012-08-13,53,3,5,2,4,8,354
6613,1970,Master,Married,44511,1,2012-10-12,39,6,8,4,8,8,727
10827,1967,PhD,Married,36947,2,2012-08-07,49,4,3,0,4,9,146
5491,1951,Master,Together,47352,1,2013-04-11,70,4,6,1,5,7,319
8402,1953,Master,Married,67087,1,2013-12-17,40,2,7,5,8,4,794
8783,1950,Graduation,Married,57045,1,2012-09-08,40,3,4,2,9,3,454
10010,1953,PhD,Divorced,36957,2,2012-09-06,43,4,3,2,2,9,152
618,1977,PhD,Married,69389,1,2012-09-28,17,1,7,2,12,4,797
9121,1972,Graduation,Married,80134,1,2013-05-20,40,2,5,3,6,6,1690
361,1969,Master,Married,43142,2,2014-02-18,84,1,1,0,2,7,20
4310,1944,Graduation,Married,80589,0,2014-01-22,25,1,5,10,5,1,1428
2678,1990,Graduation,Single,34412,1,2013-02-13,62,3,5,0,3,9,209
6376,1979,Graduation,Single,57537,1,2013-06-10,83,4,4,3,8,4,545
524,1966,Basic,Together,22634,0,2013-01-16,47,1,2,1,2,8,96
10341,1948,Graduation,Together,51315,0,2014-02-23,45,1,2,2,5,2,222
5654,1972,Graduation,Married,36026,3,2014-03-16,34,2,2,0,3,6,61
4098,1973,Graduation,Married,24639,2,2014-01-28,3,3,2,0,4,6,44
5824,1972,PhD,Together,34578,3,2014-04-11,1,1,1,0,2,6,8
7000,1972,2n Cycle,Single,65704,0,2013-10-13,18,1,2,10,10,1,817
2561,1966,Graduation,Single,63810,1,2012-11-11,45,4,4,3,12,8,1371
5229,1969,PhD,Together,54132,1,2014-02-16,81,1,1,0,3,7,42
4086,1959,Graduation,Married,18690,0,2012-12-28,77,1,1,1,2,8,60
2428,1970,Graduation,Married,28164,1,2013-05-04,23,3,2,0,4,7,78
8254,1974,PhD,Married,34596,1,2013-04-13,48,1,1,0,2,8,23
2836,1972,PhD,Married,43269,1,2013-09-16,61,1,1,0,2,8,19
8418,1958,2n Cycle,Single,38741,2,2014-03-30,60,2,2,0,3,7,61
1362,1972,Graduation,Single,31907,0,2013-03-04,75,1,6,1,6,7,449
7152,1983,Master,Married,27100,1,2013-04-05,64,1,1,0,3,7,37
10033,1973,2n Cycle,Divorced,31163,1,2014-02-13,54,1,1,0,3,6,38
9349,1985,Graduation,Married,92533,0,2013-12-19,84,1,6,5,11,2,1131
274,1973,Graduation,Single,34853,2,2013-12-23,75,2,2,0,3,6,34
3388,1967,Graduation,Divorced,70844,2,2013-10-30,16,5,6,1,5,7,294
922,1979,2n Cycle,Married,31086,2,2013-05-04,79,2,1,1,2,8,48
8588,1961,Graduation,Married,60544,2,2012-08-25,92,4,5,1,5,6,289
2518,1986,2n Cycle,Together,20491,0,2013-01-25,16,1,0,1,2,7,30
574,1964,Graduation,Married,42523,0,2014-04-23,96,1,1,1,4,2,125
3220,1983,Graduation,Married,39922,1,2013-02-14,30,2,3,0,4,8,156
5967,1952,Graduation,Together,33402,2,2013-07-18,60,3,2,1,3,8,70
1183,1949,Master,Married,36408,2,2013-09-21,11,1,1,0,2,6,22
6856,1979,Graduation,Together,21645,1,2012-09-03,75,3,3,0,3,9,65
4530,1948,Master,Widow,78427,0,2012-10-24,36,3,3,7,10,3,1930
1553,1946,Graduation,Together,82657,0,2013-09-27,71,1,7,5,10,4,2283
4682,1958,Graduation,Married,51876,0,2013-10-15,88,1,2,2,8,1,310
8204,1971,2n Cycle,Married,78041,0,2012-12-16,93,1,4,4,9,2,1319
5221,1957,Graduation,Married,52852,1,2012-12-01,93,4,10,7,5,8,879
1232,1982,PhD,Together,70038,0,2013-10-25,54,1,4,4,8,2,1244
1927,1973,2n Cycle,Together,69401,1,2014-03-23,41,4,4,4,5,2,690
5788,1972,Graduation,Together,46053,1,2013-02-17,46,3,3,2,4,5,209
6652,1965,Graduation,Married,77343,0,2014-06-09,28,1,3,4,9,1,1134
6246,1953,Graduation,Single,73892,0,2013-11-13,40,1,3,11,8,1,1507
5975,1967,PhD,Single,40304,1,2013-09-30,82,1,2,0,3,7,57
6875,1965,PhD,Together,32727,0,2012-08-28,38,2,7,3,5,8,529
4399,1969,Graduation,Together,68695,0,2014-06-25,3,1,4,4,7,2,1091
4042,1971,Graduation,Divorced,43300,1,2012-10-13,87,3,4,0,4,8,180
2157,1972,Graduation,Together,26290,2,2013-01-12,49,4,2,0,4,6,77
10133,1970,Graduation,Single,93790,0,2014-02-12,16,0,6,7,12,2,2349
2525,1974,PhD,Married,38410,0,2012-09-14,65,2,5,2,9,6,534
8233,1950,Master,Widow,64866,1,2014-01-26,9,4,7,3,7,5,556
9483,1959,Graduation,Together,57957,1,2013-08-19,24,7,4,6,8,3,637
2945,1955,PhD,Together,46015,2,2014-04-13,25,1,1,0,3,7,46
10403,1978,Graduation,Together,16531,1,2014-06-18,43,3,3,0,3,7,44
5074,1986,Master,Married,28072,1,2013-07-08,10,1,1,0,3,7,47
10524,1963,Master,Divorced,49476,1,2013-06-20,29,4,2,11,5,2,795
4690,1953,Graduation,Married,50725,1,2013-02-13,45,4,8,1,8,8,586
7521,1952,Graduation,Together,83844,0,2013-05-12,57,1,4,4,11,1,1574
7196,1950,PhD,Married,41145,2,2014-02-08,20,1,0,0,3,3,13
4406,1970,Graduation,Together,67419,1,2013-01-16,29,4,9,4,8,5,1471
9672,1970,2n Cycle,Married,23162,2,2013-12-21,82,3,1,1,3,6,65
4864,1977,Graduation,Married,34380,1,2013-05-02,68,4,4,1,3,8,175
4706,1966,Graduation,Single,34704,1,2013-04-27,65,1,1,0,3,5,40
4070,1969,PhD,Married,94871,2,2012-09-01,99,1,8,5,4,7,1078
25,1958,Graduation,Married,65148,1,2012-11-16,9,2,6,6,7,4,1115
3697,1954,Graduation,Together,39898,1,2013-02-12,20,2,3,0,4,7,134
217,1956,Master,Single,64857,0,2012-11-23,78,1,7,5,10,4,1540
4220,1970,PhD,Married,59892,1,2013-11-02,26,1,2,1,3,3,87
5286,1987,Master,Single,41020,0,2013-10-28,68,1,3,2,4,3,217
9559,1961,PhD,Married,57072,1,2014-01-24,79,2,7,5,13,5,1034
2849,1979,Graduation,Single,60474,1,2013-04-01,25,7,10,2,12,7,1180
7787,1960,Graduation,Together,62807,1,2012-08-31,83,3,5,3,12,5,819
3102,1981,2n Cycle,Together,19414,1,2013-10-16,32,1,1,0,3,8,32
5868,1980,Graduation,Married,19107,1,2013-08-22,49,2,1,0,3,7,46
8370,1976,2n Cycle,Together,75484,1,2012-08-02,50,2,7,3,6,4,1159
9988,1976,Master,Single,70379,1,2013-03-03,84,3,6,3,13,4,860
2939,1970,Master,Together,79419,0,2014-06-22,96,1,4,6,4,2,1631
5529,1946,PhD,Together,64014,3,2014-06-10,56,7,8,2,5,7,444
9743,1955,Graduation,Married,76998,1,2013-01-11,85,2,11,8,8,6,1910
5763,1972,Master,Together,49854,1,2013-11-10,63,5,6,2,5,6,380
3478,1971,PhD,Married,60585,2,2013-06-24,17,10,7,4,9,5,736
7494,1950,PhD,Divorced,42873,2,2013-01-21,11,4,6,1,4,8,269
1763,1988,Graduation,Together,87679,0,2013-07-27,62,1,7,11,10,4,2524
7250,1978,Graduation,Together,57867,1,2013-10-01,48,7,7,2,9,6,612
2005,1990,Graduation,Married,35765,1,2013-12-11,86,2,2,0,4,6,75
10770,1959,Graduation,Married,65492,0,2014-01-26,73,2,4,7,13,2,1045
6885,1977,Graduation,Divorced,32952,1,2013-12-01,36,1,2,0,3,7,55
2072,1969,PhD,Together,53374,1,2012-08-16,34,6,4,2,9,9,1064
9463,1959,Graduation,Together,71706,1,2012-11-13,16,4,9,5,7,5,1443
6318,1988,Graduation,Married,68487,0,2013-01-13,48,1,9,7,13,4,1366
4093,1975,Master,Together,53253,2,2013-02-11,61,7,4,3,5,5,436
5751,1973,2n Cycle,Divorced,31163,1,2014-02-13,54,1,1,0,3,6,38
3340,1977,Graduation,Married,42014,1,2012-08-17,56,6,7,1,6,8,436
3594,1973,Master,Married,54108,2,2012-11-05,74,13,8,2,9,8,747
3584,1955,PhD,Single,49667,0,2012-08-20,35,2,5,10,5,8,1396
3643,1974,Master,Married,63206,0,2014-03-20,65,1,4,3,6,2,928
851,1972,Master,Married,57136,2,2013-07-09,48,9,5,2,10,6,642
7706,1975,2n Cycle,Together,46772,1,2012-11-07,88,6,11,8,5,8,1048
3967,1971,PhD,Married,78931,0,2013-10-25,19,1,2,8,13,1,943
10128,1958,Graduation,Together,53977,1,2013-06-08,21,5,5,5,12,5,907
486,1988,Graduation,Married,84219,0,2014-02-02,27,1,3,4,10,1,1198
9,1975,Master,Single,46098,2,2012-08-18,86,4,3,2,2,8,120
9451,1965,Graduation,Married,73538,1,2012-11-25,92,3,10,4,9,7,1658
9264,1986,Graduation,Married,79529,0,2014-04-27,1,1,4,8,9,2,1638
3865,1977,2n Cycle,Together,20981,0,2013-04-30,14,1,3,1,2,8,73
2853,1980,Graduation,Single,51766,1,2014-03-11,74,2,4,2,4,5,275
1490,1962,Graduation,Married,55759,1,2012-11-28,84,5,10,3,8,8,854
6310,1978,Graduation,Married,33039,1,2013-09-09,4,1,2,0,4,5,78
10380,1972,Master,Married,37787,1,2013-09-20,50,1,3,0,3,8,106
3887,1970,Graduation,Single,27242,1,2012-11-11,2,2,2,0,3,9,106
4278,1983,PhD,Single,87188,0,2013-06-03,73,1,10,2,6,3,1923
8643,1971,Graduation,Together,69930,0,2013-05-26,21,1,4,5,12,3,1662
1998,1976,Graduation,Single,37697,1,2014-02-07,82,1,2,1,3,6,84
10795,1973,PhD,Married,37401,1,2014-05-06,14,2,2,0,3,7,48
11110,1973,Graduation,Single,3502,1,2013-04-13,56,0,0,0,0,14,5
2408,1976,Graduation,Married,58597,2,2012-11-20,20,12,7,4,9,7,733
202,1948,PhD,Widow,82032,0,2014-04-05,54,0,4,6,7,1,1234
7998,1958,Graduation,Together,28087,2,2012-12-11,77,3,2,2,2,7,112
830,1987,PhD,Single,74004,0,2014-02-24,5,1,4,6,4,3,1658
3536,1960,Graduation,Together,19740,1,2013-03-24,65,2,1,1,3,5,55
6050,1975,2n Cycle,Married,57036,1,2012-12-11,33,4,6,3,13,9,1513
125,1958,2n Cycle,Together,53083,2,2013-05-15,65,6,5,1,5,7,271
3463,1975,PhD,Married,69283,1,2014-06-14,41,4,7,3,13,5,904
2804,1975,Master,Single,46098,2,2012-08-18,86,4,3,2,2,8,120
3745,1988,2n Cycle,Married,23331,1,2012-09-04,92,2,3,0,3,8,103
9771,1988,2n Cycle,Single,23331,1,2012-10-05,97,6,5,1,5,9,269
451,1989,Graduation,Single,9255,1,2013-12-20,91,1,1,1,2,8,22
10530,1959,PhD,Widow,67786,0,2013-12-07,0,1,3,6,6,1,1156
1079,1971,PhD,Married,71969,1,2012-10-16,59,3,3,4,9,8,1086
8920,1967,Master,Single,59235,1,2013-01-12,4,3,11,2,12,7,1128
6678,1989,Graduation,Together,31928,1,2014-03-28,5,2,3,0,4,7,72
3852,1961,Master,Together,74881,2,2013-03-08,48,4,9,2,12,5,964
528,1978,Graduation,Married,65819,0,2012-11-29,99,1,5,4,10,3,1383
73,1953,PhD,Single,51411,3,2013-05-26,81,1,0,0,3,5,18
5589,1964,Graduation,Divorced,51983,1,2012-08-31,95,3,9,2,10,7,793
10212,1986,Master,Together,42386,1,2013-01-13,43,1,3,0,3,8,100
6365,1987,2n Cycle,Married,30390,0,2013-09-02,5,1,2,0,3,6,80
5636,1963,Graduation,Single,30983,0,2012-11-09,50,1,4,0,3,8,167
591,1957,Graduation,Widow,66033,1,2013-01-20,76,2,8,3,7,7,677
2217,1975,2n Cycle,Married,37284,2,2013-03-29,46,1,0,0,3,6,23
2544,1951,Master,Divorced,57530,1,2013-10-12,68,1,1,1,4,1,92
7725,1965,2n Cycle,Married,76800,0,2014-03-08,33,1,4,4,7,1,641
8091,1956,Graduation,Married,63943,1,2012-09-02,50,1,6,4,6,5,1106
7321,1962,Graduation,Together,76081,0,2014-05-23,85,1,4,5,4,2,1033
5462,1974,Graduation,Married,67445,1,2012-08-12,63,5,9,6,12,6,1174
7791,1967,Master,Married,37054,2,2013-09-15,89,2,1,0,3,7,25
955,1962,Master,Together,47175,2,2012-10-28,81,7,4,2,4,8,240
4037,1976,Graduation,Divorced,31859,1,2013-06-14,77,1,1,0,2,7,20
6642,1961,Graduation,Divorced,27215,3,2013-01-23,50,4,2,1,4,6,102
2793,1976,PhD,Divorced,70179,1,2013-07-21,10,3,7,3,13,5,1034
5424,1983,Graduation,Married,39922,1,2013-02-14,30,2,3,0,4,8,156
879,1976,Master,Married,49681,2,2013-11-04,66,6,7,1,7,7,458
9530,1988,Graduation,Married,24645,1,2012-11-01,16,1,1,0,2,8,17
4828,1954,Graduation,Divorced,79865,1,2014-06-18,12,1,5,10,5,1,792
10699,1985,Graduation,Married,44322,1,2014-06-16,30,2,3,0,3,8,92
1497,1952,Graduation,Single,47958,1,2013-01-19,8,2,6,3,5,5,407
7476,1964,Master,Single,63972,1,2012-12-02,93,4,5,4,10,4,1269
4390,1954,Graduation,Together,75315,1,2014-04-15,14,2,5,4,12,2,841
10478,1950,PhD,Married,55517,2,2012-09-27,53,5,11,1,6,9,633
1081,1957,PhD,Married,75283,3,2013-03-27,26,11,6,3,5,4,1019
4261,1946,PhD,Single,82800,0,2012-11-24,23,1,7,6,12,3,1315
9916,1954,Graduation,Married,38998,2,2012-11-03,92,3,2,0,3,8,54
5350,1991,Master,Single,90638,0,2014-02-13,29,1,3,4,10,1,2525
8135,1986,Master,Married,27161,1,2013-10-28,41,1,1,0,3,7,52
8685,1977,Graduation,Married,42014,1,2012-08-17,56,6,7,1,6,8,436
4967,1960,PhD,Together,38201,1,2013-03-29,19,4,5,1,5,8,268
2130,1982,Graduation,Together,45203,2,2014-03-23,4,1,3,1,3,6,147
9298,1947,PhD,Together,81574,0,2014-04-28,89,1,4,5,8,1,1798
8175,1992,Graduation,Married,34935,0,2013-06-21,71,1,2,1,4,7,137
6257,1976,Master,Single,60482,1,2013-01-23,81,1,7,2,7,7,507
3790,1956,Graduation,Together,34633,3,2014-01-23,31,1,1,0,2,6,15
9952,1947,Master,Together,78093,0,2013-12-11,53,1,4,7,5,1,1105
3503,1950,Graduation,Divorced,82460,0,2013-12-02,78,1,5,3,6,1,974
5223,1966,Master,Together,45903,1,2014-04-23,80,2,2,1,3,4,66
4608,1987,Graduation,Divorced,81361,0,2014-02-25,18,1,3,10,13,1,778
1626,1973,PhD,Divorced,35860,2,2014-05-19,37,2,1,1,2,5,49
4764,1952,Master,Together,40442,2,2012-08-19,52,4,3,1,4,7,169
2471,1965,Graduation,Married,61482,0,2014-06-27,39,1,3,2,6,2,299
5892,1980,Graduation,Married,34968,1,2013-04-10,11,7,3,2,5,7,221
2612,1987,Graduation,Married,75794,0,2013-12-24,33,1,7,5,12,3,1682
4971,1962,PhD,Together,31497,1,2012-12-06,22,2,3,1,4,8,155
5185,1955,Graduation,Married,74268,0,2013-02-14,83,1,4,3,5,2,892
10069,1988,Basic,Together,13724,1,2012-08-31,43,1,2,0,2,9,58
2262,1965,Master,Together,45143,1,2013-08-26,74,3,6,1,5,7,311
1131,1967,PhD,Single,52569,1,2014-04-05,54,1,2,0,4,3,95
1041,1973,PhD,Single,48432,1,2012-10-18,3,5,7,1,6,8,424
24,1960,Master,Together,17144,2,2014-02-15,96,5,3,0,4,7,47
3409,1984,Graduation,Single,36108,1,2013-10-15,68,3,7,1,4,9,339
7022,1971,Graduation,Married,76445,1,2012-09-28,2,1,2,5,13,6,1410
7943,1975,PhD,Married,36663,1,2014-04-25,40,1,1,1,3,2,35
5272,1965,Master,Married,53843,1,2013-06-27,64,4,8,5,3,7,562
5453,1956,Master,Married,90226,0,2012-09-26,26,1,4,7,12,2,2352
2565,1955,Master,Divorced,70638,0,2013-06-01,69,1,4,5,10,3,1334
800,1960,Graduation,Together,44512,2,2013-08-30,57,2,1,0,3,4,32
11092,1961,Graduation,Married,27116,2,2014-03-02,78,2,2,0,3,7,41
5062,1963,PhD,Married,54072,2,2013-07-27,71,1,2,0,2,8,39
8969,1977,Graduation,Married,71855,1,2013-01-16,59,4,5,5,11,3,1141
4656,1990,2n Cycle,Single,51250,1,2013-03-30,28,5,10,5,4,9,710
4480,1973,Master,Married,60432,1,2014-03-09,61,5,7,2,5,6,401
9971,1964,PhD,Married,65526,1,2014-04-11,22,1,4,4,8,2,506
6729,1988,Graduation,Single,68655,0,2012-08-10,95,1,4,5,11,3,1538
1773,1978,2n Cycle,Married,12393,0,2012-12-04,38,1,2,0,3,9,57
9242,1990,Graduation,Single,64509,0,2013-08-17,19,1,6,3,9,4,1722
1764,1975,Graduation,Single,33955,1,2013-08-09,92,4,5,1,5,8,270
6215,1977,Graduation,Married,31353,2,2013-12-29,24,2,1,1,2,8,31
10099,1984,Graduation,Married,55434,1,2013-10-05,21,3,5,3,13,4,882
5423,1983,Graduation,Together,28359,1,2013-10-27,35,1,1,0,2,7,16
940,1987,Graduation,Single,57100,1,2014-05-18,9,2,3,2,7,3,311
3011,1965,Graduation,Married,69139,1,2014-01-27,23,1,4,1,5,4,227
3298,1956,Master,Married,52973,1,2012-11-08,92,7,9,6,9,8,1152
8286,1965,PhD,Together,51717,1,2013-08-20,55,1,3,0,4,7,122
9668,1971,Graduation,Married,18793,1,2013-01-12,14,3,2,0,4,8,77
5120,1982,2n Cycle,Together,66664,0,2012-09-25,78,1,5,7,6,3,1289
6097,1959,Graduation,Single,50664,2,2013-01-16,64,9,8,1,6,9,561
7019,1963,Graduation,Together,54414,2,2013-01-23,49,4,3,1,5,4,211
7408,1952,PhD,Married,54549,1,2014-03-03,8,2,5,1,4,7,233
8041,1971,PhD,Widow,47111,1,2012-09-08,35,6,3,2,10,9,1092
252,1963,PhD,Divorced,41003,0,2013-03-17,11,1,6,2,8,6,601
9986,1982,Graduation,Together,19444,1,2014-02-22,8,3,4,1,2,7,54
3276,1976,2n Cycle,Together,36301,1,2013-10-25,53,1,3,0,3,7,78
3859,1947,PhD,Together,73059,1,2013-08-31,36,1,9,3,13,4,1095
3570,1969,PhD,Together,42731,1,2013-10-21,64,3,4,1,5,5,244
3783,1959,PhD,Married,52854,2,2014-03-24,43,2,2,1,4,5,116
10207,1978,Graduation,Together,22775,1,2013-06-19,40,1,1,0,2,8,15
10906,1948,PhD,Together,46681,2,2013-10-08,52,2,4,6,4,5,425
3427,1955,PhD,Married,59821,1,2013-04-12,11,6,11,2,7,8,734
5209,1954,Graduation,Divorced,50002,1,2013-06-17,21,2,8,2,7,7,638
10711,1945,Graduation,Married,69755,0,2013-10-02,23,1,3,6,12,1,894
10785,1969,Graduation,Married,44078,2,2014-06-19,17,2,2,0,3,5,41
2814,1976,Master,Together,30560,1,2013-06-27,6,1,1,0,3,7,31
6866,1969,Master,Together,35924,2,2014-03-23,56,1,1,0,3,5,34
1665,1964,PhD,Divorced,64140,2,2013-09-23,71,5,2,5,6,5,1750
6575,1981,Graduation,Together,56386,2,2012-10-27,51,8,9,1,7,9,612
3829,1979,Basic,Together,24594,1,2013-12-10,94,1,1,0,3,5,29
3091,1981,2n Cycle,Together,75774,1,2014-05-02,27,1,7,5,8,4,823
10141,1960,Master,Divorced,39228,0,2013-05-10,1,1,0,0,3,4,20
5177,1974,Master,Married,58494,1,2013-12-12,56,2,6,2,6,6,396
7005,1981,Graduation,Single,58684,0,2014-06-16,71,1,5,3,12,2,813
6409,1967,Graduation,Divorced,57136,0,2013-05-18,18,1,7,5,7,6,1179
7485,1950,PhD,Widow,56551,2,2014-05-07,48,3,2,1,4,4,138
8079,1982,Graduation,Married,22448,1,2014-02-26,86,3,2,1,3,3,55
8395,1961,Graduation,Single,82014,0,2012-08-20,48,1,3,6,12,6,1511
10352,1963,Graduation,Widow,34213,2,2012-09-07,2,3,3,1,2,9,117
4931,1977,Graduation,Together,157146,0,2013-04-29,13,0,0,28,0,1,1730
13,1947,PhD,Widow,25358,1,2013-07-22,57,2,1,0,3,6,32
1834,1978,Master,Single,35544,1,2014-03-08,77,1,2,0,3,7,67
2285,1954,Master,Together,36634,1,2013-05-28,0,3,5,2,5,7,335
2295,1954,PhD,Married,62670,1,2014-02-02,57,1,5,3,13,3,825
1378,1972,2n Cycle,Together,50334,1,2013-07-24,24,6,7,4,6,6,694
2781,1981,Graduation,Single,72066,0,2014-06-23,55,1,4,6,6,2,1792
1165,1958,PhD,Single,50729,2,2013-05-02,62,9,6,2,7,6,496
1404,1968,Graduation,Together,34916,2,2013-05-15,89,4,5,1,3,9,231
6457,1976,Graduation,Divorced,64892,1,2014-05-29,77,2,6,4,12,4,902
2639,1966,Graduation,Single,43602,2,2014-01-10,45,3,3,1,2,6,68
8299,1989,PhD,Single,33996,0,2013-09-11,46,1,1,1,3,4,71
6437,1985,2n Cycle,Single,41473,1,2013-06-19,80,1,2,0,3,7,76
6912,1967,PhD,Married,63246,2,2013-08-20,60,1,6,3,12,4,772
7327,1959,PhD,Married,36732,2,2013-12-29,71,3,1,1,4,2,47
5299,1970,PhD,Married,69084,1,2013-11-19,43,2,7,3,13,8,1586
4127,1967,PhD,Married,77766,1,2013-02-22,97,2,11,10,11,6,1529
8143,1985,PhD,Single,37929,0,2013-07-30,49,2,4,2,5,7,265
1964,1951,Graduation,Together,86610,0,2013-09-05,66,1,5,6,6,2,1603
3690,1986,Master,Married,80141,0,2013-01-11,20,1,7,4,10,6,2091
3433,1955,2n Cycle,Married,72635,0,2013-06-03,54,1,6,8,6,3,981
3389,1970,Graduation,Married,69016,1,2012-11-22,61,4,8,9,13,5,1533
4712,1991,2n Cycle,Together,20193,0,2012-11-28,18,1,1,1,4,4,82
1170,1975,Graduation,Married,27573,1,2013-03-25,45,4,5,1,4,8,244
6347,1979,Basic,Single,15862,1,2013-06-27,26,1,1,0,3,8,36
4065,1976,PhD,Married,49544,1,2013-02-12,0,2,5,1,8,7,404
8230,1980,Graduation,Married,33228,1,2014-01-23,28,1,2,0,3,7,71
1215,1978,Graduation,Together,70440,0,2013-10-08,49,1,5,10,7,3,1572
5939,1971,Graduation,Together,38232,2,2014-01-17,84,4,3,1,3,5,122
2156,1955,PhD,Married,22554,2,2012-11-03,38,4,2,0,4,5,41
7788,1983,PhD,Married,23536,1,2014-06-04,53,1,0,0,3,3,10
10323,1952,Graduation,Married,49413,1,2013-10-25,88,2,4,2,5,5,304
7947,1969,Graduation,Married,42231,2,2014-03-25,99,1,1,0,3,5,37
1891,1980,Master,Divorced,78789,0,2012-08-08,12,1,4,6,5,2,1754
2570,1968,Graduation,Together,56534,1,2013-07-23,35,4,10,4,7,8,815
9256,1971,Graduation,Single,58350,1,2013-01-04,5,4,8,3,12,6,1001
295,1989,Graduation,Single,81217,0,2013-07-19,77,1,3,7,11,1,1157
7397,1951,Graduation,Single,49090,1,2013-07-19,45,3,7,2,9,7,688
6349,1987,Master,Divorced,61787,0,2013-07-06,71,1,8,4,6,5,1319
10790,1985,PhD,Married,18169,1,2013-02-19,40,1,1,0,2,8,21
10398,1981,2n Cycle,Single,24336,1,2012-08-27,82,1,1,0,2,7,31
2431,1990,Graduation,Married,18222,0,2012-12-31,70,1,2,0,3,8,67
550,1952,Graduation,Divorced,62335,1,2013-05-23,87,2,3,3,13,2,708
1890,1971,2n Cycle,Together,42033,2,2012-09-19,95,1,1,0,2,7,25
10742,1983,PhD,Married,86580,0,2013-02-27,72,0,4,2,5,1,746
10356,1957,PhD,Divorced,41437,2,2012-09-22,5,1,1,0,3,7,32
4676,1951,Master,Widow,73705,2,2014-03-05,86,2,9,6,8,5,1695
8852,1976,Graduation,Married,61064,1,2012-08-31,80,5,8,4,11,6,1080
3565,1955,Master,Married,38452,2,2014-03-30,62,3,3,0,3,7,72
5294,1989,Graduation,Single,18358,1,2013-11-20,49,3,3,0,4,7,57
1958,1973,PhD,Together,55012,1,2014-03-21,85,6,8,2,9,5,660
7349,1973,Basic,Together,9722,1,2012-10-02,7,4,3,1,3,8,103
8799,1984,PhD,Married,38175,1,2013-09-23,6,3,3,1,4,7,153
1351,1956,Master,Together,58656,1,2012-09-20,25,4,7,8,13,6,1220
1045,1965,Graduation,Together,52117,1,2012-08-16,55,2,5,2,4,7,279
7732,1978,Graduation,Married,64813,1,2014-01-02,81,1,7,2,10,5,745
8070,1973,PhD,Married,54222,1,2014-03-01,98,1,3,3,5,3,264
477,1986,Graduation,Married,83512,0,2014-06-17,31,1,4,7,10,1,2157
7832,1959,Master,Married,77520,1,2013-08-28,30,1,8,7,7,4,1526
2202,1978,Graduation,Together,41154,1,2013-04-09,98,1,1,0,4,5,69
7396,1966,Graduation,Married,80398,0,2012-11-10,92,1,5,8,12,3,1597
4055,1992,Basic,Single,18746,1,2014-05-29,41,2,3,0,3,6,64
10340,1984,Graduation,Together,35196,1,2012-11-13,68,6,6,1,5,8,497
10091,1956,Graduation,Single,60230,1,2013-05-20,78,2,6,3,6,5,1067
7629,1977,Graduation,Married,22108,2,2014-05-08,46,2,2,0,3,7,31
10640,1974,Graduation,Together,44392,2,2013-09-05,71,5,4,1,4,7,211
3498,1976,PhD,Married,55424,1,2012-11-25,6,4,7,5,9,6,877
6742,1979,Graduation,Married,17688,1,2013-01-13,82,1,1,0,2,8,11
1172,1983,PhD,Married,92491,0,2013-05-01,71,1,7,5,12,3,2034
569,1991,Graduation,Single,90273,0,2013-12-14,32,1,5,6,7,2,1991
4686,1962,PhD,Widow,82571,0,2014-04-02,28,0,6,5,13,2,1686
1381,1982,PhD,Single,38513,1,2014-01-28,20,5,6,1,5,8,324
2634,1979,Master,Single,16653,1,2014-04-18,10,3,2,1,3,6,69
10905,1955,Graduation,Together,42586,2,2012-10-29,7,5,4,1,6,8,252
1744,1965,Basic,Single,23529,1,2013-01-07,67,1,1,1,2,6,54
1000,1961,Master,Together,74881,2,2013-03-08,48,4,9,2,12,5,964
3828,1951,Graduation,Married,71107,1,2013-02-17,61,2,7,6,13,4,1327
8605,1964,PhD,Together,46910,2,2014-03-23,36,2,2,0,3,6,68
10304,1959,Graduation,Married,18690,0,2012-12-28,77,1,1,1,2,8,60
4351,1955,Graduation,Divorced,37244,2,2013-04-27,90,1,1,1,2,7,55
10129,1966,Graduation,Together,82427,0,2014-03-12,35,1,3,5,12,1,1456
2499,1958,2n Cycle,Single,75342,1,2013-05-06,38,1,5,2,10,4,563
10092,1954,Graduation,Divorced,70044,1,2013-02-18,46,4,7,10,5,5,1504
7500,1967,Graduation,Single,79146,2,2014-04-24,33,2,8,1,8,6,564
5796,1963,Graduation,Married,77437,0,2013-11-26,70,1,4,5,13,1,1125
10556,1959,Graduation,Married,54984,1,2014-05-24,51,4,6,1,6,7,358
1064,1971,PhD,Married,42403,1,2013-12-11,18,1,1,0,3,8,42
48,1964,Graduation,Together,55761,1,2014-04-24,97,2,4,1,3,6,184
7610,1983,Graduation,Together,37292,1,2013-04-18,32,5,6,3,5,8,460
263,1945,PhD,Single,45576,0,2014-05-28,9,1,3,1,3,8,145
10814,1947,Graduation,Together,70321,0,2013-01-16,6,1,6,5,13,4,1376
9710,1969,PhD,Divorced,58086,1,2013-01-20,80,2,11,3,7,8,792
9292,1952,Graduation,Married,81795,0,2012-10-26,74,1,4,11,7,2,1382
10250,1947,Basic,Together,28389,0,2012-11-20,49,1,1,0,2,7,28
7881,1946,Master,Married,66835,0,2013-09-28,21,1,6,4,13,2,1033
5847,1969,Graduation,Divorced,69901,1,2013-05-29,95,3,7,3,10,5,882
737,1949,PhD,Married,80360,0,2013-03-03,56,2,4,4,5,2,2231
3571,1961,PhD,Together,63342,1,2012-10-16,48,3,8,3,5,6,1101
7807,1974,Graduation,Married,44989,1,2012-09-12,26,5,5,1,5,6,369
3878,1980,2n Cycle,Single,31859,1,2014-02-27,3,1,1,0,3,7,48
5092,1949,PhD,Widow,51569,1,2013-02-12,39,4,7,1,7,8,467
2154,1971,Graduation,Widow,30372,2,2012-12-25,33,3,2,0,3,7,44
5394,1979,Basic,Single,16014,2,2013-03-17,42,4,1,1,4,3,38
3798,1968,Graduation,Married,41120,2,2013-11-06,80,3,2,1,3,6,81
3524,1971,Master,Single,39763,1,2013-08-04,9,2,5,1,2,9,167
5247,1955,PhD,Married,38725,2,2014-05-10,52,2,1,0,4,4,45
5883,1972,Graduation,Married,77981,1,2013-05-26,78,3,7,4,7,5,664
2118,1964,2n Cycle,Married,62905,1,2013-09-10,68,3,7,2,8,4,622
8812,1979,2n Cycle,Divorced,13533,1,2013-03-10,45,2,2,0,3,7,48
6616,1975,Graduation,Together,59481,1,2013-10-23,47,2,3,3,8,2,461
2797,1977,Graduation,Married,72117,1,2013-08-20,34,1,9,7,9,5,1073
4328,1986,2n Cycle,Married,21955,1,2013-09-07,81,2,2,1,3,6,55
9167,1956,Graduation,Married,67131,1,2013-03-26,72,3,9,2,12,6,976
10560,1980,PhD,Single,36802,1,2014-06-16,23,1,1,0,3,5,20
2631,1982,Graduation,Together,71853,0,2013-05-08,29,1,2,8,6,1,1149
8312,1961,Basic,Married,28249,0,2014-06-15,80,1,2,0,3,6,43
5534,1975,Master,Married,47808,1,2013-10-20,30,2,3,2,3,7,224
5093,1974,PhD,Divorced,25509,1,2012-09-18,15,3,3,0,3,9,101
7592,1946,PhD,Married,51012,0,2013-04-18,86,1,4,1,4,6,209
8895,1985,Graduation,Single,70596,0,2012-10-05,68,1,3,5,12,2,968
8584,1952,PhD,Together,85431,0,2013-06-08,54,1,2,7,7,0,1165
2694,1967,Graduation,Married,42664,1,2014-03-18,44,1,1,0,3,6,24
8910,1955,Graduation,Together,42586,2,2012-10-29,7,5,4,1,6,8,252
7433,1985,Graduation,Single,29760,1,2012-08-29,87,4,3,1,4,8,165
164,1977,PhD,Married,28973,0,2012-10-13,59,2,5,1,5,8,269
10477,1973,PhD,Together,39435,1,2013-08-06,16,1,3,1,2,7,102
2681,1984,2n Cycle,Married,65370,0,2013-08-01,1,1,2,3,13,1,461
5150,1979,Basic,Single,20194,1,2012-12-17,64,2,2,0,3,6,47
5283,1976,PhD,Single,42473,2,2014-02-17,72,3,2,1,4,5,144
9645,1968,Graduation,Married,64590,0,2012-10-14,98,1,9,4,10,6,1338
10678,1959,Graduation,Together,71232,1,2013-11-28,91,2,11,2,10,7,917
7261,1971,Graduation,Together,34600,2,2013-01-01,8,5,5,2,5,8,318
9648,1967,Graduation,Single,46904,2,2012-11-03,20,4,5,1,4,8,253
2870,1973,Graduation,Married,49094,1,2012-09-21,6,5,6,3,6,6,502
8008,1983,Graduation,Together,36075,1,2013-12-09,54,1,2,0,4,6,119
1513,1979,2n Cycle,Together,60839,2,2012-08-28,72,13,2,2,12,8,1250
6173,1979,Graduation,Together,77298,1,2013-11-02,46,1,6,6,11,3,969
1419,1950,Graduation,Together,34026,2,2013-08-05,11,3,2,1,3,5,76
9150,1963,PhD,Single,48918,2,2014-04-12,21,2,1,0,4,4,62
7960,1962,2n Cycle,Together,82122,0,2013-08-15,89,1,3,9,13,1,1382
1250,1976,Graduation,Single,37697,1,2014-02-07,82,1,2,1,3,6,84
9905,1952,Graduation,Together,34074,2,2013-07-13,69,5,3,3,3,6,255
10691,1960,Master,Married,28520,2,2013-06-14,55,1,1,1,2,6,43
7002,1955,Graduation,Single,62535,1,2013-10-03,13,1,3,2,8,3,398
2952,1977,Master,Single,36273,1,2014-04-16,80,2,3,0,3,6,76
8439,1964,Graduation,Together,63404,2,2014-06-06,97,2,6,3,4,4,902
762,1981,2n Cycle,Together,75774,1,2014-05-02,27,1,7,5,8,4,823
2831,1976,Graduation,Together,78416,1,2014-06-27,99,2,7,7,10,3,1179
6977,1974,Graduation,Together,75702,1,2012-10-14,87,1,10,5,13,6,1921
6289,1951,Master,Together,59385,2,2013-04-28,85,2,3,1,4,5,185
4168,1966,Graduation,Single,37070,2,2013-03-20,30,9,5,1,8,7,433
8397,1951,Graduation,Married,44689,2,2014-01-10,82,2,1,1,2,7,34
9284,1958,Graduation,Together,53977,1,2013-06-08,21,5,5,5,12,5,907
6237,1966,PhD,Single,7144,2,2013-12-07,92,0,23,1,1,0,416
3130,1964,Graduation,Single,18701,2,2013-06-04,95,4,2,0,4,5,44
1619,1956,Graduation,Married,90369,0,2014-04-28,2,1,4,6,6,1,1588
1990,1974,PhD,Single,63159,0,2012-11-05,74,1,3,5,8,3,1797
5513,1966,Graduation,Together,37758,2,2012-10-04,49,2,1,0,3,8,40
269,1963,PhD,Single,46757,1,2012-11-16,71,6,4,4,7,9,1143
8093,1969,Master,Married,79734,0,2014-06-28,72,1,4,3,6,1,914
10513,1992,Graduation,Together,63207,0,2013-01-20,68,1,2,3,6,7,1502
10177,1954,Graduation,Divorced,72071,1,2013-02-14,4,3,5,4,8,2,1338
2549,1983,PhD,Together,21840,1,2013-07-21,80,1,1,0,3,9,27
5782,1982,2n Cycle,Together,58582,1,2013-09-28,15,2,9,2,9,5,763
10057,1951,Graduation,Single,72282,0,2013-07-19,70,1,5,7,9,7,1331
10307,1956,Graduation,Married,50387,2,2013-08-31,91,3,6,2,8,5,525
8566,1961,PhD,Together,32583,2,2014-06-15,10,1,1,0,2,7,9
2415,1962,Graduation,Together,62568,1,2014-04-07,99,3,5,3,5,4,953
5684,1971,Master,Divorced,44635,2,2013-10-11,25,2,2,0,3,7,68
8334,1971,Master,Single,33316,2,2013-10-04,34,3,2,1,4,6,131
9166,1968,Graduation,Married,63967,1,2013-08-09,57,3,4,4,12,2,882
1440,1978,2n Cycle,Together,52513,0,2012-09-04,84,2,9,5,9,7,1149
78,1969,Graduation,Married,25293,1,2013-09-15,51,1,1,1,2,8,37
5441,1965,PhD,Widow,54111,1,2013-08-25,97,2,5,2,6,5,388
5302,1986,Graduation,Together,78394,0,2013-02-15,13,1,4,6,5,2,1428
4687,1958,Master,Married,80739,0,2013-05-23,92,1,3,11,9,1,1633
1087,1975,Master,Together,22669,1,2013-05-22,30,3,4,1,2,9,173
6859,1987,Graduation,Single,29236,1,2013-10-08,30,2,4,0,3,9,99
9860,1959,Graduation,Together,44911,1,2013-03-15,11,3,4,1,4,7,215
7129,1962,PhD,Married,54693,1,2013-02-17,72,8,6,4,13,6,929
5866,1974,Graduation,Together,48186,1,2014-03-20,39,3,4,1,4,7,219
10521,1977,Graduation,Married,54809,2,2013-09-11,0,4,2,1,5,4,174
7393,1978,Graduation,Together,41580,2,2012-12-10,15,3,2,1,3,5,92
7849,1970,PhD,Married,80336,0,2013-09-09,12,1,2,9,13,1,1052
332,1957,Graduation,Married,47743,1,2013-03-22,56,3,4,1,6,6,275
9847,1955,2n Cycle,Married,62972,1,2012-08-03,39,2,7,4,3,6,587
531,1954,PhD,Divorced,57333,1,2012-09-22,55,11,8,5,9,6,1662
9576,1982,PhD,Together,32313,1,2013-02-11,60,3,4,0,4,9,159
6906,1953,Master,Widow,84953,0,2013-06-03,73,1,3,10,4,2,1024
7419,1968,Master,Divorced,27071,1,2014-04-23,90,2,2,0,3,6,35
3170,1957,Master,Together,68148,0,2013-08-31,86,1,4,4,6,2,1042
8527,1965,Master,Together,65735,2,2013-12-07,37,5,6,2,6,7,395
7872,1975,PhD,Married,86836,0,2012-09-12,7,1,6,10,6,5,557
9931,1963,PhD,Married,4023,2,2014-06-23,29,15,0,0,0,19,9
10595,1990,Graduation,Married,30093,0,2013-07-08,19,1,2,0,3,7,69
4609,1966,PhD,Married,57705,1,2014-01-11,14,3,8,1,6,6,486
5010,1988,Graduation,Single,25008,1,2014-02-02,72,2,1,0,3,8,34
4427,1995,2n Cycle,Single,83257,0,2012-09-18,56,1,5,10,12,6,1365
11148,1975,Graduation,Together,22280,1,2013-05-19,85,1,1,0,2,8,13
1168,1978,PhD,Married,72159,0,2012-10-29,62,1,4,6,10,2,1401
9595,1961,Graduation,Together,64260,0,2013-01-11,1,1,4,5,4,3,1574
10163,1984,PhD,Single,82733,0,2013-09-10,28,1,8,4,7,4,1323
2886,1971,Master,Divorced,74290,1,2013-08-12,70,4,10,8,10,6,1217
6710,1951,Master,Single,58217,3,2012-11-17,84,1,2,0,4,6,103
5316,1976,Master,Together,21024,0,2013-07-04,89,1,2,0,4,7,84
9029,1972,PhD,Married,70116,0,2013-01-26,73,1,2,8,12,1,1536
521,1985,Graduation,Together,54006,1,2012-09-18,42,2,8,1,7,7,581
1459,1966,PhD,Married,69063,1,2012-11-07,16,1,5,3,5,3,928
10241,1975,2n Cycle,Divorced,11448,0,2013-12-15,16,1,1,0,2,6,14
1630,1979,Graduation,Single,61825,1,2013-08-07,56,1,4,2,8,4,424
3254,1971,Graduation,Married,70886,1,2013-10-14,65,1,5,4,4,2,960
9064,1982,Graduation,Married,69109,0,2012-11-09,10,1,6,6,7,4,1555
3678,1973,Graduation,Widow,60208,2,2012-10-07,13,11,8,3,7,7,656
4227,1968,Master,Together,32889,2,2013-09-06,78,3,2,1,3,5,55
9467,1984,Graduation,Single,34738,1,2014-05-11,51,1,1,0,3,6,20
8486,1971,Master,Together,30538,1,2012-10-01,27,4,9,0,4,10,367
2186,1977,2n Cycle,Together,82326,0,2014-03-10,30,1,5,10,6,2,2257
3286,1967,PhD,Divorced,26642,1,2014-03-01,71,2,2,0,3,6,42
8602,1964,Graduation,Divorced,69932,1,2013-06-12,97,2,7,6,11,4,1049
3722,1972,Graduation,Single,44503,2,2014-04-16,83,2,2,0,3,6,48
6715,1948,PhD,Single,60200,1,2013-01-02,3,6,6,2,11,6,685
4796,1952,Graduation,Divorced,49638,1,2014-04-19,71,1,1,0,3,2,39
9612,1987,2n Cycle,Single,23830,0,2014-02-07,3,1,1,0,3,7,43
3766,1959,Master,Widow,33051,0,2012-08-16,15,3,9,1,8,9,835
1399,1958,Graduation,Married,72905,0,2014-01-21,52,1,3,7,9,1,1515
1570,1951,PhD,Together,69702,1,2013-02-19,8,2,7,7,10,4,1039
3426,1975,Graduation,Divorced,70300,1,2013-07-15,89,3,5,5,13,8,1596
3074,1984,PhD,Married,70643,0,2012-10-15,66,1,5,8,4,6,1828
8341,1969,PhD,Married,30396,1,2014-04-30,22,2,1,1,2,7,34
5180,1968,PhD,Divorced,50616,1,2014-04-18,56,2,4,0,4,7,149
6461,1969,Master,Single,62772,1,2013-05-19,74,1,5,6,11,2,946
7679,1985,PhD,Single,30298,0,2014-05-19,48,1,1,1,3,3,28
10702,1984,Graduation,Single,52413,1,2012-11-03,67,2,7,1,7,7,450
7505,1957,PhD,Married,44155,2,2014-01-19,24,1,1,1,2,4,46
5113,1971,PhD,Divorced,86979,0,2013-11-07,67,1,5,5,5,2,1702
10858,1975,Graduation,Together,76532,2,2013-09-09,38,4,9,5,7,5,820
2961,1982,Graduation,Married,42081,1,2013-02-26,86,2,6,3,4,6,382
2747,1988,PhD,Married,67546,0,2012-08-31,90,1,4,10,5,3,2126
3010,1989,Master,Together,88420,0,2014-05-02,87,1,4,7,8,1,2069
5790,1985,Graduation,Married,31158,1,2013-01-27,62,2,2,0,3,8,72
6892,1968,Graduation,Divorced,61671,1,2014-06-03,23,8,10,4,6,8,732
1743,1974,Graduation,Single,69719,0,2014-05-26,99,1,2,3,5,1,801
3578,1949,Graduation,Divorced,49160,1,2013-10-20,29,2,3,1,6,6,236
8462,1978,Basic,Together,24882,1,2012-09-09,52,1,1,1,2,6,80
5558,1954,PhD,Single,90933,0,2014-03-31,90,1,4,6,4,1,1685
4619,1945,PhD,Single,113734,0,2014-05-28,9,0,27,0,0,1,277
8780,1950,PhD,Together,59292,1,2013-06-13,71,2,3,5,8,3,507
10789,1964,PhD,Married,45759,2,2013-02-23,13,2,2,0,3,7,68
10779,1983,Graduation,Single,22148,0,2014-04-13,16,1,1,0,3,7,49
5896,1987,Master,Married,73395,0,2014-03-18,94,1,4,4,6,2,397
2337,1971,Graduation,Divorced,29819,1,2013-10-24,77,3,3,0,3,6,39
10951,1968,Graduation,Married,45688,1,2014-01-25,20,2,3,1,8,4,306
544,1954,Graduation,Married,62820,0,2013-05-11,51,1,3,4,6,1,976
17,1971,PhD,Married,60491,1,2013-09-06,81,4,6,11,7,5,1028
10680,1986,Graduation,Together,33235,1,2014-02-05,71,1,3,0,3,7,70
3265,1959,Graduation,Married,35701,0,2013-03-19,36,1,1,0,3,6,46
5623,1980,Master,Married,31535,1,2013-09-26,95,1,1,1,2,7,51
5832,1960,2n Cycle,Together,92556,0,2014-04-20,32,0,3,5,13,0,1263
5544,1970,Graduation,Single,67384,1,2012-11-10,32,2,7,8,5,5,1490
6417,1971,Master,Together,80573,0,2012-10-14,85,1,4,6,13,2,1564
5831,1967,Graduation,Married,77870,1,2012-08-22,93,3,5,5,5,8,1815
7101,1963,PhD,Widow,52278,1,2013-01-25,24,6,10,5,10,8,1198
10176,1968,Graduation,Single,57107,1,2012-08-24,44,7,4,4,8,8,416
2326,1990,Graduation,Married,18929,0,2013-02-16,15,1,1,0,4,6,85
4385,1981,PhD,Single,36038,1,2013-05-31,82,2,3,0,3,6,47
2929,1976,Graduation,Single,20180,0,2013-02-20,27,1,2,1,4,7,137
10686,1965,PhD,Together,34230,2,2012-12-26,72,1,1,0,2,7,21
2546,1977,2n Cycle,Single,31878,1,2014-06-22,7,1,1,0,4,3,70
3283,1972,2n Cycle,Married,70932,1,2014-01-19,57,2,6,2,12,3,909
3138,1956,Graduation,Single,91249,0,2012-10-20,84,0,7,9,6,4,1676
4994,1943,Master,Single,77598,0,2013-10-01,53,1,7,5,13,3,1735
7966,1959,Graduation,Single,80982,2,2013-01-08,48,3,11,5,11,5,1191
3112,1977,Master,Married,22701,1,2013-09-05,2,1,1,0,3,5,24
10872,1969,PhD,Married,55212,1,2012-11-23,65,3,4,2,11,8,1182
2181,1970,Graduation,Married,70617,0,2013-06-23,45,1,3,3,7,2,1280
1867,1957,Graduation,Single,64849,0,2012-11-13,42,1,9,3,6,5,1336
1518,1965,Master,Married,62694,2,2013-06-17,29,5,9,3,7,7,749
5734,1974,PhD,Married,61917,2,2013-11-20,83,1,2,0,4,5,91
2878,1947,PhD,Married,67472,1,2013-09-28,93,2,4,2,7,3,414
1458,1982,Master,Married,21059,1,2014-01-07,40,3,3,0,3,6,44
7007,1968,Master,Married,29543,2,2014-04-01,47,2,3,1,2,7,63
6200,1951,Graduation,Married,75903,1,2013-04-08,50,2,6,6,9,3,901
1403,1975,2n Cycle,Together,34984,2,2012-09-06,40,2,1,0,3,7,38
4827,1956,PhD,Single,54998,1,2013-03-10,3,5,4,2,9,4,455
6250,1949,PhD,Widow,54356,1,2012-11-19,62,3,11,2,8,8,775
9291,1959,Master,Married,34242,1,2014-03-23,25,1,0,0,3,5,15
2478,1973,Graduation,Married,25410,1,2013-08-31,48,1,1,0,4,4,38
1139,1984,PhD,Married,73356,0,2014-02-06,56,1,5,11,5,2,1512
5138,1950,Graduation,Together,28320,1,2013-01-14,68,1,1,0,3,8,43
5393,1977,Graduation,Single,23763,1,2012-08-07,64,1,1,0,3,7,42
10413,1984,Graduation,Married,72570,0,2014-04-25,67,1,4,6,12,1,1089
5015,1976,Master,Married,34529,1,2012-09-14,94,2,2,2,3,7,162
10868,1951,Graduation,Widow,70792,0,2013-02-06,82,2,3,4,10,3,1272
10676,1982,Graduation,Married,63211,0,2012-11-02,3,2,3,8,7,2,1173
2495,1974,Master,Married,83891,1,2014-06-20,24,1,4,7,10,1,816
7842,1968,Graduation,Single,36065,2,2013-03-31,54,3,3,0,3,8,74
9955,1954,Graduation,Together,39898,1,2013-02-12,20,2,3,0,4,7,134
6663,1940,PhD,Single,51141,0,2013-07-08,96,1,3,1,4,5,157
2162,1976,Graduation,Married,56939,1,2013-09-18,19,2,3,3,10,3,561
3434,1951,Graduation,Single,80872,0,2014-05-12,60,1,4,4,10,1,1336
7919,1976,PhD,Together,72335,0,2012-08-13,2,1,10,4,8,8,2092
5626,1964,PhD,Single,61798,0,2013-11-23,13,1,4,2,9,4,463
6428,1950,PhD,Widow,76842,0,2014-05-03,37,1,1,8,7,0,1130
8514,1976,Graduation,Together,29478,1,2014-01-17,59,1,1,0,3,6,20
10448,1956,Graduation,Single,46998,1,2012-10-22,55,5,5,3,5,7,377
2109,1990,Graduation,Single,96843,0,2013-04-23,60,1,6,11,10,2,1544
7530,1950,PhD,Widow,56551,2,2014-05-07,48,3,2,1,4,4,138
8925,1965,Master,Married,70053,1,2013-07-03,38,3,8,5,10,5,1012
3009,1962,PhD,Widow,71670,0,2013-07-09,8,1,5,3,6,6,1766
6355,1978,Graduation,Married,44359,2,2014-06-17,19,3,2,0,4,3,45
3517,1952,Graduation,Single,40887,2,2013-05-06,32,3,3,1,3,9,161
1158,1966,Graduation,Divorced,48877,1,2014-01-05,27,1,3,0,4,7,144
6203,1947,Graduation,Together,74485,0,2013-08-24,58,1,6,7,12,3,1734
7165,1972,Graduation,Together,64474,1,2013-10-22,59,2,8,2,10,5,823
3595,1963,Graduation,Together,77226,1,2014-02-28,29,2,6,8,12,3,1138
8537,1949,Graduation,Widow,72643,0,2013-02-27,60,1,3,10,7,2,1429
4331,1978,Master,Together,85738,0,2014-01-23,41,1,3,6,11,1,1371
6281,1966,Graduation,Divorced,55686,1,2013-02-14,27,2,6,3,5,4,982
4338,1983,Graduation,Single,39062,1,2014-03-25,28,1,1,0,3,4,44
2452,1971,Graduation,Together,34600,2,2013-01-01,8,5,5,2,5,8,318
9507,1975,Graduation,Married,40794,1,2013-04-07,18,2,6,3,5,7,434
8360,1971,2n Cycle,Married,54690,2,2013-11-07,76,3,3,1,5,3,198
10311,1969,Graduation,Married,4428,1,2013-10-05,0,0,25,0,0,1,359
5117,1963,2n Cycle,Married,32632,0,2012-08-02,32,2,4,4,8,5,576
4867,1968,PhD,Single,38236,2,2013-09-20,2,4,3,0,4,7,88
9289,1979,Graduation,Married,36781,1,2014-04-10,16,1,2,1,2,8,63
10913,1984,Master,Single,31385,1,2012-12-05,56,1,1,0,2,8,27
3032,1984,Graduation,Married,24570,1,2013-02-27,97,3,4,0,4,9,193
8524,1974,PhD,Divorced,25509,1,2012-09-18,15,3,3,0,3,9,101
3334,1951,Graduation,Married,94642,0,2014-02-12,35,0,5,7,9,1,2211
4470,1962,Master,Married,58646,1,2013-06-10,3,1,2,1,4,4,140
1406,1975,Graduation,Single,53201,2,2013-02-12,49,8,6,3,5,7,415
8619,1957,Graduation,Together,21994,1,2012-12-24,4,1,0,0,3,5,22
10821,1978,Graduation,Married,57113,2,2013-02-06,45,6,4,1,5,7,263
4552,1991,Graduation,Married,51373,0,2013-06-22,37,1,3,5,3,4,393
898,1986,Graduation,Married,23477,1,2013-10-21,39,3,3,0,4,8,147
9797,1956,Graduation,Married,58116,1,2014-04-13,38,2,3,3,8,2,443
10949,1963,PhD,Divorced,72968,0,2013-12-16,8,1,5,5,8,3,1958
8212,1971,Master,Married,39791,1,2013-03-28,89,2,3,1,4,7,174
6248,1947,Master,Single,91712,0,2013-10-17,47,0,9,7,11,3,2217
10164,1958,Graduation,Single,94472,1,2014-04-03,75,1,5,5,5,5,1691
4547,1960,Graduation,Together,13672,2,2013-04-17,86,2,1,0,3,8,25
6815,1980,2n Cycle,Married,96547,0,2014-05-23,4,0,7,6,8,2,809
4122,1975,Graduation,Married,79205,0,2012-08-29,73,1,6,5,4,4,895
10841,1975,PhD,Together,56559,1,2012-12-25,46,3,4,3,8,4,484
5370,1973,PhD,Married,32644,1,2013-01-16,38,4,7,1,6,8,413
176,1980,2n Cycle,Single,67506,1,2014-01-02,73,1,4,1,6,3,331
4860,1970,Graduation,Single,24206,1,2013-03-08,66,1,1,0,3,6,25
10757,1967,PhD,Divorced,28420,1,2013-12-24,36,1,1,0,2,6,13
4023,1970,Graduation,Married,22979,1,2012-09-06,29,3,3,2,2,8,115
6679,1966,Graduation,Single,33279,0,2014-06-12,29,1,0,0,3,3,16
9923,1972,Master,Single,46423,2,2013-09-18,6,3,2,0,4,7,92
7181,1977,Graduation,Married,30368,1,2013-11-07,97,2,2,0,3,8,52
3599,1970,Graduation,Married,63684,1,2012-11-26,61,3,8,4,8,5,1464
405,1964,Graduation,Divorced,41638,1,2013-02-13,68,4,5,5,3,8,441
6870,1959,PhD,Divorced,68805,1,2013-09-17,73,1,3,1,7,2,283
832,1966,PhD,Together,65814,1,2014-03-02,90,3,8,2,10,5,747
2002,1958,Graduation,Divorced,71964,0,2013-05-20,81,1,5,6,5,3,1870
3657,1986,Graduation,Single,39146,1,2013-02-14,1,3,4,0,4,8,165
500,1977,Graduation,Together,96876,0,2013-08-06,79,1,7,7,9,2,1941
1951,1981,Basic,Married,34445,0,2013-01-27,92,6,11,2,8,9,839
3262,1958,Graduation,Single,68281,0,2012-08-07,31,1,2,9,13,5,1655
4102,1975,2n Cycle,Married,37284,2,2013-03-29,46,1,0,0,3,6,23
7042,1983,Graduation,Married,36790,0,2013-03-01,14,1,2,1,2,9,66
10598,1967,Graduation,Together,27943,2,2013-04-15,89,3,2,0,3,8,37
255,1951,Graduation,Divorced,22263,2,2014-03-30,31,2,1,0,3,6,21
2375,1972,Graduation,Together,30261,3,2012-09-25,75,1,0,0,3,8,22
9829,1978,Graduation,Together,28587,1,2014-02-12,42,3,2,0,4,6,78
6214,1982,Master,Married,43815,1,2013-04-05,53,1,2,0,3,6,79
4954,1956,Graduation,Married,48195,2,2014-01-21,53,6,4,2,5,6,265
7861,1952,Master,Married,77027,1,2014-02-05,23,2,8,3,6,4,1175
4837,1965,PhD,Married,71322,1,2013-02-16,57,2,8,5,13,4,1305
9423,1979,Master,Married,32765,1,2014-02-23,49,2,2,0,4,5,46
4198,1965,Graduation,Together,29672,2,2013-03-12,6,1,0,0,3,6,25
153,1953,Graduation,Divorced,23272,0,2013-10-17,29,1,1,0,3,4,46
9323,1949,Master,Together,49912,1,2012-09-07,5,4,10,5,7,8,874
10001,1985,2n Cycle,Together,7500,1,2012-08-01,98,4,2,1,3,9,100
3945,1947,PhD,Widow,68117,1,2013-03-10,80,2,11,8,4,6,930
3799,1955,Graduation,Married,67225,1,2013-11-26,4,3,7,2,11,5,868
8625,1976,Graduation,Married,17649,1,2013-11-12,70,3,3,0,3,8,45
3491,1975,Graduation,Together,55914,1,2013-04-29,32,4,11,6,8,7,1260
983,1984,Graduation,Married,40059,1,2013-09-28,82,1,6,2,3,8,414
9119,1950,Graduation,Together,60905,1,2013-12-05,27,2,3,3,7,2,392
4786,1977,Graduation,Married,75330,2,2012-10-04,94,4,10,3,12,6,1109
5872,1951,Graduation,Single,60689,1,2013-06-01,23,4,4,4,10,3,639
6568,1984,Graduation,Married,38680,1,2013-03-28,97,1,2,0,3,7,79
5628,1982,Graduation,Together,61416,0,2013-02-08,25,1,10,3,10,6,1665
5631,1991,Graduation,Single,49767,0,2013-05-02,92,1,5,4,8,4,692
4974,1970,Graduation,Single,83273,3,2012-09-25,98,10,4,6,9,7,1392
8416,1981,Graduation,Married,29009,1,2013-11-29,19,2,2,0,3,6,44
5454,1979,Master,Married,45057,1,2013-12-01,80,1,2,0,3,5,50
4095,1971,Graduation,Married,37150,1,2012-09-11,80,8,4,3,6,7,467
5474,1970,Graduation,Single,43020,1,2013-11-30,79,3,4,1,4,6,223
4268,1959,Graduation,Married,53154,1,2014-06-09,50,1,3,1,4,4,158
10701,1973,Graduation,Married,65308,0,2013-09-11,60,1,7,8,12,4,1211
3507,1970,Graduation,Single,76467,1,2012-08-17,44,2,2,5,5,6,1575
2079,1947,2n Cycle,Married,81044,0,2013-12-27,0,1,5,6,10,1,1208
626,1951,Graduation,Married,32871,2,2013-03-09,28,1,1,0,3,4,43
4426,1975,Graduation,Single,55801,2,2013-09-22,35,6,7,2,6,7,527
2591,1959,Graduation,Widow,76320,1,2014-06-22,49,2,6,3,4,2,932
10509,1955,Master,Single,36927,2,2014-06-02,46,2,3,0,3,8,71
6382,1953,Graduation,Together,48794,2,2014-06-26,97,1,1,0,3,4,54
6673,1965,Graduation,Single,23478,0,2013-03-19,51,1,3,0,3,8,129
7441,1973,Graduation,Divorced,71128,1,2012-10-06,80,3,2,10,12,7,1615
1071,1976,PhD,Divorced,70179,1,2013-07-21,10,3,7,3,13,5,1034
10061,1950,Graduation,Married,59462,1,2013-01-05,29,2,9,2,12,7,1088
7187,1969,Master,Together,51381,2,2013-05-18,52,7,4,10,4,3,721
8775,1969,Graduation,Together,38361,1,2013-12-27,74,3,3,1,3,7,137
1612,1981,PhD,Single,51381,1,2013-05-31,82,2,3,0,3,6,47
2345,1982,PhD,Together,70038,0,2013-10-25,54,1,4,4,8,2,1244
322,1978,Graduation,Together,42554,2,2013-01-12,93,2,2,0,3,4,41
10897,1974,Graduation,Married,67445,1,2012-08-12,63,5,9,6,12,6,1174
123,1951,Graduation,Widow,67046,1,2013-01-06,92,2,4,5,4,2,993
6103,1948,Graduation,Married,42192,0,2013-09-06,40,1,2,1,3,4,100
7899,1952,PhD,Married,77610,1,2012-10-29,70,2,4,7,4,7,1680
10500,1984,Graduation,Married,31761,1,2014-04-05,96,2,3,0,4,5,98
1655,1979,Graduation,Together,34350,1,2013-10-19,81,1,1,0,3,7,48
2406,1949,Graduation,Together,54591,1,2013-08-05,63,3,6,2,8,5,519
2712,1956,Graduation,Married,71866,1,2013-12-25,85,1,6,3,10,3,715
5517,1969,Graduation,Married,25293,1,2013-09-15,51,1,1,1,2,8,37
10643,1987,PhD,Single,42000,0,2013-01-10,23,2,5,2,11,5,653
2254,1983,Graduation,Married,69520,0,2013-07-07,95,1,9,6,5,5,1455
10281,1970,Graduation,Divorced,64713,1,2014-02-07,11,2,5,5,7,4,602
6958,1977,Master,Married,27889,1,2013-07-05,42,1,1,1,2,6,26
954,1960,Basic,Widow,22123,0,2014-03-27,77,1,2,1,3,5,102
5079,1971,Graduation,Married,51381,2,2013-03-03,82,4,2,1,3,8,97
10339,1954,Master,Together,51381,1,2013-06-23,83,2,4,1,4,6,207
4643,1973,Graduation,Married,27803,1,2012-08-26,40,2,3,0,4,8,176
3117,1955,Graduation,Single,51381,1,2013-10-18,95,3,6,1,5,7,450
6497,1960,Graduation,Married,51651,1,2012-11-07,32,4,6,2,5,8,433
5396,1988,Graduation,Married,68487,0,2013-01-13,48,1,9,7,13,4,1366
5250,1943,Master,Widow,51381,0,2013-10-30,75,1,5,5,11,1,1564
1052,1969,Graduation,Married,56796,1,2013-02-16,24,3,8,9,7,7,1001
2802,1992,2n Cycle,Married,87000,0,2012-12-15,61,1,4,6,7,2,961
6343,1959,Graduation,Married,79823,1,2014-03-31,6,1,6,9,7,2,1518
6507,1980,Graduation,Single,30828,1,2013-10-04,16,2,1,1,4,3,56
7901,1971,Master,Married,34109,1,2013-11-06,39,1,0,0,3,4,22
4865,1974,Master,Divorced,53367,2,2013-08-31,2,7,5,1,8,7,400
2686,1969,Basic,Together,22390,0,2013-10-21,49,1,1,0,2,7,26
3107,1976,Graduation,Together,71322,1,2014-05-02,31,1,4,1,7,2,350
7734,1993,Graduation,Absurd,79244,0,2012-12-19,58,1,4,10,7,1,1216
1146,1949,Master,Together,49912,1,2012-09-07,5,4,10,5,7,8,874
11031,1950,PhD,Married,48699,2,2013-05-21,90,1,1,0,3,5,40
7428,1975,Graduation,Together,80144,0,2013-09-30,47,1,3,7,8,1,1367
975,1956,Graduation,Single,54252,2,2013-05-28,25,5,4,1,5,6,264
1103,1976,Master,Married,81929,1,2012-09-29,60,2,4,4,10,6,2053
3422,1975,Graduation,Married,76068,1,2012-11-29,67,1,2,3,4,6,1376
1055,1976,Master,Married,53204,2,2014-03-20,40,1,1,0,3,4,45
6544,1949,PhD,Together,67911,1,2014-05-22,63,3,6,7,11,3,976
1241,1984,2n Cycle,Married,14796,1,2012-09-17,1,2,1,0,3,9,51
2909,1974,PhD,Married,78128,1,2014-02-19,89,2,8,4,6,3,1264
5802,1972,Basic,Married,14188,0,2013-02-28,40,1,2,0,4,6,75
1407,1986,Basic,Married,20425,1,2012-10-29,5,2,2,0,3,7,57
6183,1962,Master,Married,58646,1,2013-06-10,3,1,2,1,4,4,140
340,1970,Graduation,Divorced,72967,1,2012-12-15,1,2,7,2,8,5,497
5991,1949,Master,Married,48150,1,2013-06-08,24,3,5,1,4,7,266
3104,1961,Graduation,Single,82332,0,2012-09-17,89,1,5,3,12,2,2006
9729,1955,Graduation,Widow,58275,2,2013-06-02,48,6,8,2,7,7,615
1008,1981,PhD,Together,44953,0,2012-12-21,31,1,7,3,13,6,1021
11091,1953,Graduation,Together,34587,2,2014-05-16,68,2,1,0,3,4,22
3969,1974,Master,Together,43018,1,2013-11-01,46,1,2,2,2,5,133
1916,1954,Master,Married,45736,1,2013-07-24,92,5,7,1,6,7,437
9907,1969,Master,Together,66476,1,2013-12-04,80,2,6,8,10,4,1013
87,1981,2n Cycle,Married,27733,1,2013-08-26,16,2,2,0,3,7,57
8659,1952,PhD,Together,69805,1,2014-01-21,50,2,6,8,11,2,1038
6262,1962,Master,Single,72217,0,2013-04-10,93,1,3,10,8,2,1573
6147,1971,Graduation,Divorced,25818,1,2012-10-18,51,1,0,1,2,7,28
8832,1976,Master,Together,37509,1,2012-09-12,24,2,3,0,4,7,123
10067,1976,2n Cycle,Together,25176,2,2013-08-10,79,1,1,0,2,7,13
7532,1980,Graduation,Married,43586,1,2012-08-30,26,3,3,0,4,8,132
4915,1956,2n Cycle,Married,53230,1,2012-08-03,86,4,5,2,12,5,732
2115,1957,Graduation,Together,50116,2,2014-06-20,68,2,1,0,4,5,66
2088,1972,Graduation,Together,84906,0,2013-10-04,98,1,5,6,12,2,1631
2493,1966,Graduation,Married,61286,1,2013-08-02,34,2,7,1,8,5,608
6292,1986,PhD,Married,82333,0,2013-03-30,60,1,4,3,10,2,1822
1631,1965,PhD,Together,65220,0,2012-09-03,3,4,8,4,7,6,1282
10104,1974,Graduation,Together,33590,3,2013-11-03,65,1,1,0,2,7,8
3006,1976,Graduation,Divorced,30992,1,2013-04-22,83,1,1,0,3,7,43
3919,1976,Master,Single,72309,0,2013-03-11,64,1,5,6,8,3,1931
11181,1949,PhD,Married,156924,0,2013-08-29,85,0,0,0,0,0,8
642,1980,Basic,Married,16005,1,2012-08-14,69,3,2,1,2,8,103
4369,1957,Master,Absurd,65487,0,2014-01-10,48,3,3,5,6,2,1169
10127,1965,Graduation,Married,58692,1,2014-04-06,21,1,8,2,4,7,395
271,1969,Graduation,Widow,40590,2,2013-10-02,30,5,3,4,3,6,258
4973,1970,Graduation,Single,20587,1,2014-05-11,39,1,1,1,2,7,25
2948,1954,Master,Divorced,62637,1,2014-03-01,76,1,2,2,5,2,185
2715,1966,Master,Divorced,29435,2,2012-08-06,11,4,3,2,2,9,180
10432,1974,Graduation,Divorced,19346,1,2014-01-30,26,1,1,0,3,8,22
9216,1971,Graduation,Married,35788,2,2014-01-23,34,2,2,0,3,6,44
7124,1968,Graduation,Divorced,36997,2,2013-02-01,72,5,2,1,4,5,94
9727,1957,Graduation,Married,23539,0,2014-02-28,13,1,2,0,4,6,81
5136,1973,Graduation,Single,65333,1,2014-01-17,58,7,9,4,8,6,798
9790,1957,Graduation,Single,78499,0,2013-11-23,12,1,11,3,4,4,1334
1818,1971,PhD,Together,29732,1,2014-03-25,23,1,2,0,2,9,38
1100,1960,Master,Together,41275,3,2014-03-24,33,4,3,1,3,5,61
7873,1973,PhD,Together,63516,2,2013-07-06,30,4,4,1,7,5,300
10609,1962,PhD,Married,42769,1,2013-10-12,15,2,1,1,4,4,88
6950,1958,Master,Married,49572,2,2013-12-15,25,2,2,0,3,7,54
7233,1972,Graduation,Married,69209,0,2012-09-17,4,2,5,3,6,4,1782
9481,1976,Graduation,Married,17148,1,2014-01-28,80,4,3,1,3,8,68
7699,1969,Graduation,Widow,40590,2,2013-10-02,30,5,3,4,3,6,258
2711,1976,Master,Together,30560,1,2013-06-27,6,1,1,0,3,7,31
8933,1983,2n Cycle,Married,32146,1,2014-05-12,16,2,2,0,4,6,66
8726,1964,2n Cycle,Divorced,41713,2,2014-04-29,57,5,3,1,4,6,174
1515,1975,Master,Together,34176,1,2014-01-22,9,1,1,0,3,3,28
5186,1955,PhD,Married,58482,1,2014-03-12,59,2,7,4,9,6,731
10157,1965,Graduation,Single,59686,1,2014-01-25,78,1,4,1,6,4,274
5667,1964,PhD,Married,60896,1,2012-10-11,90,3,9,10,4,6,1701
902,1980,Graduation,Together,62994,1,2014-03-04,74,1,6,2,4,6,312
977,1957,Graduation,Together,47320,1,2013-08-01,10,6,5,1,8,6,414
7313,1949,2n Cycle,Widow,74859,0,2013-06-03,63,1,6,5,11,3,1565
7600,1992,Basic,Single,15253,1,2013-10-28,13,2,1,0,3,7,29
9706,1974,PhD,Single,31560,1,2013-06-24,98,2,2,1,3,8,94
2429,1954,Graduation,Divorced,72071,1,2013-02-14,4,3,5,4,8,2,1338
3520,1990,Master,Single,91172,0,2013-03-27,94,0,4,3,7,3,1092
10394,1984,Graduation,Married,90000,0,2013-12-23,91,1,4,8,5,1,1479
4548,1981,Graduation,Single,41967,2,2013-11-23,66,1,1,0,3,4,54
9362,1965,Graduation,Single,69263,1,2014-03-05,14,1,9,1,7,6,568
3968,1970,2n Cycle,Divorced,65706,0,2013-06-28,77,1,11,3,12,7,1199
4084,1975,Graduation,Together,60934,1,2014-01-17,41,2,6,4,11,4,873
6721,1951,Graduation,Married,71965,1,2013-07-29,21,3,6,3,5,3,1213
2829,1955,Graduation,Married,65210,1,2014-03-10,25,2,9,3,8,6,731
1772,1975,PhD,Married,79174,0,2013-01-11,2,1,5,6,7,2,2043
1544,1967,Master,Divorced,81380,0,2012-12-22,51,1,4,2,10,2,1893
492,1973,PhD,YOLO,48432,1,2012-10-18,3,5,7,1,6,8,424
4377,1971,Graduation,Married,52914,1,2013-01-07,32,2,7,3,3,7,575
4541,1955,Graduation,Together,38946,1,2013-10-24,84,2,3,1,6,5,257
1321,1974,Graduation,Married,26067,1,2013-11-04,49,3,3,0,3,8,56
8858,1972,PhD,Married,44325,1,2013-03-07,69,4,8,2,7,8,542
3266,1964,Graduation,Married,42523,0,2014-04-23,96,1,1,1,4,2,125
11187,1978,Basic,Single,26487,1,2013-05-20,23,3,2,1,3,5,69
8207,1957,2n Cycle,Married,53233,1,2014-03-18,18,1,1,0,3,4,40
9723,1960,Graduation,Married,67716,1,2013-01-10,8,4,7,4,13,5,1016
2666,1972,Master,Married,76234,1,2014-02-06,21,1,8,3,11,3,907
5721,1956,PhD,Married,84117,0,2014-05-11,60,1,7,10,6,2,1566
10652,1957,Master,Together,65487,0,2014-01-10,48,3,3,5,6,2,1169
1646,1972,Basic,Married,25224,1,2014-03-16,36,2,1,1,3,3,46
4418,1983,Master,Single,89616,0,2013-02-25,36,1,7,5,12,2,1644
2656,1971,Graduation,Divorced,40851,2,2013-02-21,63,1,1,1,2,7,59
7990,1947,Graduation,Married,27469,0,2012-08-02,2,1,0,0,3,6,17
8722,1957,2n Cycle,Married,82347,0,2012-11-06,38,1,7,7,10,3,1853
7118,1957,Graduation,Married,73803,1,2012-08-01,61,2,9,5,6,6,1528
2980,1952,Master,Single,8820,2,2013-03-22,52,4,3,0,3,8,35
1839,1974,Graduation,Single,43322,0,2014-04-21,25,1,3,0,4,7,141
10722,1973,Graduation,Together,55593,1,2013-08-21,63,2,6,6,3,6,546
2632,1954,Graduation,Married,50501,2,2013-06-18,10,7,5,4,4,6,500
9014,1975,Graduation,Married,37085,2,2014-06-26,65,4,3,0,3,8,61
7620,1990,Basic,Single,16185,1,2013-08-05,71,2,2,2,2,8,106
10968,1969,Graduation,Single,57731,1,2012-11-23,0,4,8,8,6,6,704
11133,1973,PhD,YOLO,48432,1,2012-10-18,3,5,7,1,6,8,424
2736,1978,Graduation,Married,73807,1,2013-01-02,88,2,5,5,11,2,849
1876,1990,Graduation,Married,18929,0,2013-02-16,15,1,1,0,4,6,85
5959,1968,Graduation,Single,35893,2,2012-10-15,80,6,3,1,5,8,199
1092,1980,Graduation,Married,61014,1,2012-08-11,17,4,9,3,4,7,1147
4333,1954,Graduation,Together,32144,2,2014-03-23,76,4,2,1,3,7,54
3850,1963,Basic,Together,14918,1,2012-12-07,52,1,1,0,3,6,43
6168,1963,Graduation,Divorced,45146,2,2013-07-15,28,2,1,1,2,4,53
607,1955,2n Cycle,Divorced,41769,1,2013-02-13,31,6,8,1,7,8,521
10469,1981,Graduation,Together,88325,0,2014-02-05,42,1,6,2,9,2,1623
6983,1950,Master,Divorced,38054,2,2014-05-01,24,2,2,0,3,7,45
3661,1995,2n Cycle,Single,80617,0,2012-10-12,42,1,4,6,8,2,1435
9303,1976,Graduation,Married,5305,1,2013-07-30,12,0,1,0,0,13,32
692,1954,Graduation,Together,36807,2,2012-12-20,88,1,1,0,2,6,16
736,1983,Graduation,Together,28427,1,2013-03-21,67,2,2,0,3,8,52
9589,1948,PhD,Widow,82032,0,2014-04-05,54,0,4,6,7,1,1234
4838,1978,Graduation,Together,22775,1,2013-06-19,40,1,1,0,2,8,15
9246,1985,Master,Together,40101,1,2012-10-14,73,4,6,1,6,7,415
6261,1979,Graduation,Married,58025,1,2013-11-26,81,3,3,2,10,4,470
7366,1982,Master,Single,75777,0,2013-07-04,12,1,3,6,11,1,1438
10659,1979,2n Cycle,Together,7500,1,2013-05-07,7,4,3,2,2,7,53
1448,1963,Master,Married,33562,3,2014-06-25,33,3,2,0,4,4,51
4286,1970,PhD,Single,57642,1,2014-01-09,24,3,7,6,6,4,679
4749,1968,Graduation,Together,58554,2,2012-09-26,55,6,8,2,6,7,586
4478,1979,Graduation,Married,63777,2,2013-03-24,87,8,11,1,6,8,653
4201,1962,Graduation,Single,57967,1,2013-03-03,39,5,4,2,8,5,468
8720,1978,2n Cycle,Together,51381,0,2012-08-12,53,0,0,0,1,0,1679
10084,1972,Graduation,Married,24434,2,2014-05-18,9,2,2,1,2,7,50
7004,1984,Graduation,Single,11012,1,2013-03-16,82,3,3,1,2,9,84
9817,1970,Master,Single,44802,0,2012-08-21,71,2,9,4,12,8,1049
8080,1986,Graduation,Single,26816,0,2012-08-17,50,1,0,0,3,4,22
9432,1977,Graduation,Together,666666,1,2013-06-02,23,4,3,1,3,6,62
8372,1974,Graduation,Married,34421,1,2013-07-01,81,1,1,0,2,7,30
10870,1967,Graduation,Married,61223,1,2013-06-13,46,2,9,3,4,5,1341
4001,1946,PhD,Together,64014,3,2014-06-10,56,7,8,2,5,7,444
7270,1981,Graduation,Divorced,56981,0,2014-01-25,91,1,2,3,13,6,1241
8235,1956,Master,Together,69245,1,2014-01-24,8,2,6,5,10,3,843
9405,1954,PhD,Married,52869,2,2012-10-15,40,3,3,1,4,7,172
